pca_feature_set	PC	variance_explained
top5000_MAD	1	0.203012354295415
top5000_MAD	2	0.109451032248181
top5000_MAD	3	0.0923064649464858
top5000_MAD	4	0.050657144544957
top5000_MAD	5	0.0466354517124014
top5000_MAD	6	0.036437302746065
top5000_MAD	7	0.0269535420932324
top5000_MAD	8	0.0204435276076768
top5000_MAD	9	0.0182649193633884
top5000_MAD	10	0.0161980723577931
top5000_MAD	11	0.0127925899617143
top5000_MAD	12	0.0119311616887719
top5000_MAD	13	0.0114309157755281
top5000_MAD	14	0.0105240805768213
top5000_MAD	15	0.00984165246200629
top5000_MAD	16	0.00943713439495985
top5000_MAD	17	0.00868074008141865
top5000_MAD	18	0.00844695939770832
top5000_MAD	19	0.00811889939111823
top5000_MAD	20	0.00774702299805722
top5000_MAD	21	0.00751696470663839
top5000_MAD	22	0.00697786090320508
top5000_MAD	23	0.00678506196464343
top5000_MAD	24	0.00667034895632587
top5000_MAD	25	0.00641689946292582
top5000_MAD	26	0.00630840205258205
top5000_MAD	27	0.00609917908105467
top5000_MAD	28	0.00590357529626004
top5000_MAD	29	0.00578781569099136
top5000_MAD	30	0.00561382797790435
top5000_MAD	31	0.00552280704270599
top5000_MAD	32	0.00529784012900262
top5000_MAD	33	0.00510956379221221
top5000_MAD	34	0.00497140647837884
top5000_MAD	35	0.00488860812072099
top5000_MAD	36	0.00478519943592117
top5000_MAD	37	0.00463936433162634
top5000_MAD	38	0.00453759465443429
top5000_MAD	39	0.00451916106836119
top5000_MAD	40	0.00437895901617442
top5000_MAD	41	0.00421097276782523
top5000_MAD	42	0.0041653317037908
top5000_MAD	43	0.00403074483899982
top5000_MAD	44	0.00390704908978642
top5000_MAD	45	0.00385958054247062
top5000_MAD	46	0.00375959136831359
top5000_MAD	47	0.00364924615699454
top5000_MAD	48	0.00361468446235469
top5000_MAD	49	0.00355295970360836
top5000_MAD	50	0.00349134347951722
top5000_MAD	51	0.00345236165961815
top5000_MAD	52	0.00341157143611638
top5000_MAD	53	0.00339593178513886
top5000_MAD	54	0.00326277601624173
top5000_MAD	55	0.0032120947027642
top5000_MAD	56	0.00313479375096261
top5000_MAD	57	0.00311413877135629
top5000_MAD	58	0.00305195776366806
top5000_MAD	59	0.00300621585600849
top5000_MAD	60	0.00295654900709484
top5000_MAD	61	0.0029247378953413
top5000_MAD	62	0.00281728034217897
top5000_MAD	63	0.00274658261519663
top5000_MAD	64	0.00266248503807775
top5000_MAD	65	0.0026422730717678
top5000_MAD	66	0.00260768832287939
top5000_MAD	67	0.00255814878899516
top5000_MAD	68	0.00253861763104588
top5000_MAD	69	0.00248148494267022
top5000_MAD	70	0.00244444629725721
top5000_MAD	71	0.00239860545325928
top5000_MAD	72	0.00236696492735422
top5000_MAD	73	0.00228973900686697
top5000_MAD	74	0.00225249009657173
top5000_MAD	75	0.00215818592528304
top5000_MAD	76	0.00213273875925651
top5000_MAD	77	0.00211251575125977
top5000_MAD	78	0.00208321600859753
top5000_MAD	79	0.00204557025275664
top5000_MAD	80	0.00203226631939823
top5000_MAD	81	0.00197708958997437
top5000_MAD	82	0.00195985589239642
top5000_MAD	83	0.0018681964202715
top5000_MAD	84	0.00182948965947361
top5000_MAD	85	0.00181260288053695
top5000_MAD	86	0.00178520748472897
top5000_MAD	87	0.00176488806509667
top5000_MAD	88	0.00174741084277817
top5000_MAD	89	0.00172716029663053
top5000_MAD	90	0.00166531652099464
top5000_MAD	91	0.00164146797318969
top5000_MAD	92	0.00158848234362357
top5000_MAD	93	0.00155238642106043
top5000_MAD	94	0.00150926578280534
top5000_MAD	95	0.00146776662490048
top5000_MAD	96	0.00141390079712117
top5000_MAD	97	0.00140095175336939
top5000_MAD	98	0.00133711415038406
top5000_MAD	99	0.001312526634708
top5000_MAD	100	0.00129147212876108
top5000_MAD	101	0.00120935645901432
top5000_MAD	102	0.0011800289848489
top5000_MAD	103	0.00115684584098609
top5000_MAD	104	0.00113837027408201
top5000_MAD	105	0.00110923838227515
top5000_MAD	106	0.00105570670570947
top5000_MAD	107	0.00102286611924377
top5000_MAD	108	0.000950977367878789
top5000_MAD	109	0.000918847426101613
top5000_MAD	110	0.000889495851542133
top5000_MAD	111	0.000881105899199556
top5000_MAD	112	0.000848646730572351
top5000_MAD	113	0.000764420526653785
top5000_MAD	114	0.000688926697775359
top5000_MAD	115	0.000623811825171178
top5000_MAD	116	0.000602876346814042
top5000_MAD	117	0.000537200595832942
top5000_MAD	118	0.000460086212490342
top5000_MAD	119	0.000386091486421396
top5000_MAD	120	0.000345206890167124
top5000_MAD	121	2.56237615289522e-30
top1000_MAD	1	0.223424389765233
top1000_MAD	2	0.138199795433624
top1000_MAD	3	0.0781422925494571
top1000_MAD	4	0.0550792305904476
top1000_MAD	5	0.0399774425407704
top1000_MAD	6	0.0322634055671199
top1000_MAD	7	0.0220097422394792
top1000_MAD	8	0.0201259574709854
top1000_MAD	9	0.0192915539868484
top1000_MAD	10	0.0136884389768993
top1000_MAD	11	0.0134466854433355
top1000_MAD	12	0.0116879029930446
top1000_MAD	13	0.0112155662858981
top1000_MAD	14	0.0104215275771552
top1000_MAD	15	0.0100560796631701
top1000_MAD	16	0.00967857587240586
top1000_MAD	17	0.00929455112961443
top1000_MAD	18	0.00877175572247787
top1000_MAD	19	0.00821310191030793
top1000_MAD	20	0.00777285922247227
top1000_MAD	21	0.00760369314424353
top1000_MAD	22	0.00750867239299479
top1000_MAD	23	0.00717626985263113
top1000_MAD	24	0.00702664218341328
top1000_MAD	25	0.00675241470041603
top1000_MAD	26	0.00645433289862674
top1000_MAD	27	0.00609970385713895
top1000_MAD	28	0.00594543367813864
top1000_MAD	29	0.00576779414665512
top1000_MAD	30	0.00563492876052575
top1000_MAD	31	0.00537224270456563
top1000_MAD	32	0.00531234826798117
top1000_MAD	33	0.00500991280784613
top1000_MAD	34	0.00491337607392706
top1000_MAD	35	0.00476328343905676
top1000_MAD	36	0.00460634773042029
top1000_MAD	37	0.00453607078296858
top1000_MAD	38	0.00434107161318018
top1000_MAD	39	0.004230492371944
top1000_MAD	40	0.00403743435822172
top1000_MAD	41	0.00394977758532336
top1000_MAD	42	0.00391162893361594
top1000_MAD	43	0.00381836971575215
top1000_MAD	44	0.00374457466867316
top1000_MAD	45	0.0036305863331071
top1000_MAD	46	0.00350867946259935
top1000_MAD	47	0.00340886007282244
top1000_MAD	48	0.0033616779732426
top1000_MAD	49	0.00330934757691027
top1000_MAD	50	0.00319385043573552
top1000_MAD	51	0.00314957132449399
top1000_MAD	52	0.00312385337414282
top1000_MAD	53	0.00300730838534339
top1000_MAD	54	0.00300668438831156
top1000_MAD	55	0.00293225303384113
top1000_MAD	56	0.00280959192148856
top1000_MAD	57	0.00276597783608247
top1000_MAD	58	0.00271341844357836
top1000_MAD	59	0.00265773916490677
top1000_MAD	60	0.00260438425455104
top1000_MAD	61	0.00253178507209491
top1000_MAD	62	0.00248920493011321
top1000_MAD	63	0.00243987225196793
top1000_MAD	64	0.00234250083776918
top1000_MAD	65	0.0023286049156656
top1000_MAD	66	0.00227812265645444
top1000_MAD	67	0.00222025195427863
top1000_MAD	68	0.00220171815273452
top1000_MAD	69	0.00214270310055589
top1000_MAD	70	0.0021016932780179
top1000_MAD	71	0.00204352465801108
top1000_MAD	72	0.00200964276373701
top1000_MAD	73	0.00195283151866364
top1000_MAD	74	0.00192402600443313
top1000_MAD	75	0.00184676943858757
top1000_MAD	76	0.00181119999826099
top1000_MAD	77	0.00180014684852639
top1000_MAD	78	0.00178063441736218
top1000_MAD	79	0.00171614563552795
top1000_MAD	80	0.00165967284262383
top1000_MAD	81	0.00163907721798638
top1000_MAD	82	0.00160682758175138
top1000_MAD	83	0.00157378349316246
top1000_MAD	84	0.00153019548691799
top1000_MAD	85	0.00149005080915929
top1000_MAD	86	0.00146416900238265
top1000_MAD	87	0.00138294134962979
top1000_MAD	88	0.00134399592483591
top1000_MAD	89	0.00131858781595591
top1000_MAD	90	0.00130463593385603
top1000_MAD	91	0.00126762510317094
top1000_MAD	92	0.00125554002351925
top1000_MAD	93	0.00121651194507576
top1000_MAD	94	0.00117640572387895
top1000_MAD	95	0.00114733890835589
top1000_MAD	96	0.00109291052407287
top1000_MAD	97	0.00107748518209234
top1000_MAD	98	0.00104009265404618
top1000_MAD	99	0.00101620328309762
top1000_MAD	100	0.000982286869009789
top1000_MAD	101	0.000952410997620951
top1000_MAD	102	0.000938475876079339
top1000_MAD	103	0.000900612239668232
top1000_MAD	104	0.000828747913643263
top1000_MAD	105	0.000801482155663077
top1000_MAD	106	0.000788815534322999
top1000_MAD	107	0.000750021188205396
top1000_MAD	108	0.000714871957433587
top1000_MAD	109	0.000658277947680886
top1000_MAD	110	0.000618223580616587
top1000_MAD	111	0.00059506003792081
top1000_MAD	112	0.000538078706791075
top1000_MAD	113	0.000525526575335477
top1000_MAD	114	0.000464082992510489
top1000_MAD	115	0.000423159969494605
top1000_MAD	116	0.000401299025966348
top1000_MAD	117	0.000373688505938834
top1000_MAD	118	0.000306854476567898
top1000_MAD	119	0.000225521970755161
top1000_MAD	120	0.000185616650278102
top1000_MAD	121	2.82001226173846e-30
all_eligible_genes	1	0.177924215468332
all_eligible_genes	2	0.102480572428847
all_eligible_genes	3	0.08134612119898
all_eligible_genes	4	0.0492989735414416
all_eligible_genes	5	0.0421539160830783
all_eligible_genes	6	0.0330073323500258
all_eligible_genes	7	0.0268725735273681
all_eligible_genes	8	0.0200825713450233
all_eligible_genes	9	0.0189472015760418
all_eligible_genes	10	0.0154861457461538
all_eligible_genes	11	0.0131270122806577
all_eligible_genes	12	0.0117683339000821
all_eligible_genes	13	0.0115744720024408
all_eligible_genes	14	0.0109642827674282
all_eligible_genes	15	0.010412816940539
all_eligible_genes	16	0.00968909874105456
all_eligible_genes	17	0.00911718221031268
all_eligible_genes	18	0.00895212620347894
all_eligible_genes	19	0.00846247358494808
all_eligible_genes	20	0.00817695157446314
all_eligible_genes	21	0.00792792044802514
all_eligible_genes	22	0.00745699457826759
all_eligible_genes	23	0.00720574818884869
all_eligible_genes	24	0.00703344893656589
all_eligible_genes	25	0.00683036914766862
all_eligible_genes	26	0.00671790216187147
all_eligible_genes	27	0.00656613907228018
all_eligible_genes	28	0.00640999063293133
all_eligible_genes	29	0.00635246636641527
all_eligible_genes	30	0.006242833793418
all_eligible_genes	31	0.00604525385346626
all_eligible_genes	32	0.0058586617924656
all_eligible_genes	33	0.00576455320717816
all_eligible_genes	34	0.00569331143665665
all_eligible_genes	35	0.00540946144487697
all_eligible_genes	36	0.00536491434918538
all_eligible_genes	37	0.00514036803721484
all_eligible_genes	38	0.00504390145339411
all_eligible_genes	39	0.00495641186639531
all_eligible_genes	40	0.00485144436630287
all_eligible_genes	41	0.00478046272070321
all_eligible_genes	42	0.00473142961750354
all_eligible_genes	43	0.00454294907565188
all_eligible_genes	44	0.00452824639150379
all_eligible_genes	45	0.00446512434326185
all_eligible_genes	46	0.00440769364973082
all_eligible_genes	47	0.00429723438919875
all_eligible_genes	48	0.00426731891128171
all_eligible_genes	49	0.00419902387966049
all_eligible_genes	50	0.00417142952970656
all_eligible_genes	51	0.00404687644137178
all_eligible_genes	52	0.00397282106755823
all_eligible_genes	53	0.00390216577998962
all_eligible_genes	54	0.00386826877694935
all_eligible_genes	55	0.00376799755655315
all_eligible_genes	56	0.00375137736307125
all_eligible_genes	57	0.00367677559355526
all_eligible_genes	58	0.00360175966117172
all_eligible_genes	59	0.00352020098373695
all_eligible_genes	60	0.00345080412886877
all_eligible_genes	61	0.00338722387483212
all_eligible_genes	62	0.00337669671575149
all_eligible_genes	63	0.00331357585608379
all_eligible_genes	64	0.00322495668225823
all_eligible_genes	65	0.00319596877456949
all_eligible_genes	66	0.003145595099399
all_eligible_genes	67	0.00311593647014548
all_eligible_genes	68	0.00307944024475193
all_eligible_genes	69	0.0030001227522251
all_eligible_genes	70	0.00295591676412292
all_eligible_genes	71	0.00291721277437153
all_eligible_genes	72	0.00288619486626981
all_eligible_genes	73	0.00283336423818554
all_eligible_genes	74	0.00279986043704418
all_eligible_genes	75	0.00273365334259782
all_eligible_genes	76	0.00268066029677683
all_eligible_genes	77	0.00265176726789868
all_eligible_genes	78	0.00257510460585419
all_eligible_genes	79	0.00255839755848762
all_eligible_genes	80	0.00249748856860952
all_eligible_genes	81	0.00245025335858989
all_eligible_genes	82	0.00241610435526237
all_eligible_genes	83	0.00240242825031123
all_eligible_genes	84	0.00236711759689043
all_eligible_genes	85	0.00233617454169565
all_eligible_genes	86	0.00230465056300574
all_eligible_genes	87	0.00226845964614036
all_eligible_genes	88	0.00223057366302312
all_eligible_genes	89	0.00219283231555416
all_eligible_genes	90	0.00215145221883259
all_eligible_genes	91	0.00212888392810314
all_eligible_genes	92	0.00204081504612939
all_eligible_genes	93	0.00201147651889911
all_eligible_genes	94	0.00197182885932372
all_eligible_genes	95	0.00193785533821165
all_eligible_genes	96	0.00185676939071468
all_eligible_genes	97	0.00182565399472613
all_eligible_genes	98	0.00179331422332423
all_eligible_genes	99	0.00177354974320889
all_eligible_genes	100	0.00171683530661863
all_eligible_genes	101	0.00167182832330406
all_eligible_genes	102	0.0016448074479191
all_eligible_genes	103	0.00162510521098234
all_eligible_genes	104	0.00155510317733608
all_eligible_genes	105	0.00152668840465164
all_eligible_genes	106	0.00146301986153076
all_eligible_genes	107	0.00141148025297505
all_eligible_genes	108	0.00138439057477612
all_eligible_genes	109	0.00133689851381056
all_eligible_genes	110	0.00126970582959142
all_eligible_genes	111	0.00122686834248329
all_eligible_genes	112	0.00121192570211478
all_eligible_genes	113	0.00115937156215679
all_eligible_genes	114	0.00104892508701854
all_eligible_genes	115	0.000964369479137904
all_eligible_genes	116	0.000896199545314954
all_eligible_genes	117	0.000828648390943745
all_eligible_genes	118	0.000717644947506465
all_eligible_genes	119	0.000672013613254407
all_eligible_genes	120	0.000612411219238153
all_eligible_genes	121	2.24550693332982e-30
