gsm_id	PC1	PC2	PC3	PC4	PC5	PC6	PC7	PC8	PC9	PC10	pca_feature_set
GSM1045191	-87.6793466761472	-2.30095342211127	16.7103325224337	-2.58705681524706	11.935642140874	-3.67978170295822	2.71050197811439	11.3374734915273	-0.692159880731111	9.2296075391198	top5000_MAD
GSM1045192	-21.0469064098674	79.7162331384637	10.6492893052746	2.69464770113548	-39.6144004015144	-15.5385462381393	8.04123345289895	-27.390640627265	12.9758237484938	13.3541401903577	top5000_MAD
GSM1045193	21.4936193220293	112.090448114536	9.64609147309764	-12.966626942457	-63.1842768767688	54.4722312639781	-5.35688352493501	18.9855369181741	6.8686220570849	15.2125969023798	top5000_MAD
GSM1045194	7.7565199193808	46.1420566888422	43.9714273820384	-4.84903971548849	11.6751211833442	2.65649853723334	-3.23812900963172	8.58261325061564	13.8112189833385	30.6768245088683	top5000_MAD
GSM1045195	-106.408914095464	8.2959126644382	10.3371779522262	8.33854705732619	5.3034887163399	0.656068679484236	-0.0237839725827725	2.79655653288696	-2.46184742081486	-1.85048367889328	top5000_MAD
GSM1045196	-120.776956636687	2.2785728972565	4.43619390450694	21.5072383985551	-3.3720379321277	6.89764542732481	1.87430306755751	0.106575800960049	-10.9370548462168	-10.8778405261039	top5000_MAD
GSM1045197	-110.864414840076	2.72014343970532	1.41479734281755	13.3323733772646	6.27118012308363	3.74676978711297	8.23145791882381	1.92723203531157	-2.73343154259024	4.63177897187051	top5000_MAD
GSM1045198	-107.602123198271	7.31844590820272	2.81237651040945	13.9839021045445	-11.7375603146507	2.33519430937851	7.27715859297936	-2.63273463650074	-6.02471351756891	0.470363329444696	top5000_MAD
GSM1045199	-119.330401833533	-2.51600751494281	7.76245016471849	17.2936825196852	1.97249077374998	17.8141263676764	11.1245826479607	-5.03697159217035	-8.48144974692381	-4.69665743102911	top5000_MAD
GSM1045200	-62.2677167557151	-4.28776118288586	11.209931650933	19.0870756484912	12.3114920456443	-24.6380257874623	-5.45795734797499	19.4810851570036	-1.78743218177356	6.0782022081586	top5000_MAD
GSM1045201	-65.8708700512133	7.58125377406046	7.43254014454425	-8.8024536816314	20.9046364584558	-6.2497285346636	-2.61011875448125	9.04083775412941	13.9541698696802	11.7252562094152	top5000_MAD
GSM1045202	-108.773383494783	-9.81710263766756	-9.9852340358937	-1.30113645310948	4.97516486090891	5.33515450862449	2.08872573076014	-4.3915911774507	-1.22395080055622	1.29955492351898	top5000_MAD
GSM1045203	-87.9037604724419	35.636001893743	35.5674566145018	8.96260335431473	9.46017831994083	0.878694684282462	1.19250093464883	3.53818556799975	-7.64478901757417	-2.36572745133615	top5000_MAD
GSM1045204	-119.526435746005	6.02609154108816	5.4649055263031	7.27954061778979	-3.43254816771441	11.8844619037268	9.8537698890194	-5.34624382106956	-6.71808919867238	-4.4983948520268	top5000_MAD
GSM1045205	-114.489608141806	2.64293464442563	10.7742552587812	13.7082963177204	7.59134680254888	9.65698103643073	7.49784319186582	-0.737017159172	-13.8758570590708	-3.03832696384101	top5000_MAD
GSM1045206	-107.854904288432	23.090052042437	16.8527052560531	28.5654965806668	-5.33902548076585	-1.20246434410739	-1.64124856208341	3.7873451354689	-7.82456413835414	-8.24927120023897	top5000_MAD
GSM1045207	-119.006210824897	10.2690300416475	9.59972119415982	26.9462107303081	-3.27606818612223	4.99581921084111	4.09725348659946	0.0351204909369118	-7.96396101614789	-9.01299114895952	top5000_MAD
GSM1045208	25.7363172032917	-24.0150843324224	15.1807003473267	-17.981184833118	6.37645716072855	10.2968697149722	0.508186700905989	6.78085350504861	-10.7705660198607	-10.8694689933127	top5000_MAD
GSM1045209	20.8121245910069	0.660545567099897	23.1268115406982	27.5941273264576	-2.18113946372484	-26.2811523045555	-10.7742733665493	-5.7833601729996	8.3062951761193	-13.89797270241	top5000_MAD
GSM1045210	28.8265114201663	-9.27481155372673	24.824149200805	-6.31522072836502	6.15587791627711	-2.67950997956931	-6.23419356199807	17.0936081084563	-4.23370023939016	-11.6523030392967	top5000_MAD
GSM1045211	29.9880739524917	35.9452205523213	28.42701786192	-0.323574360469712	4.92492411949678	-19.3828788696188	9.50598241424353	-13.1430191657715	20.7245548192078	-6.26847688220141	top5000_MAD
GSM1045212	10.3688096051939	13.1773504407522	-75.696772136734	30.2219817668898	6.89662051314672	-20.3464494967133	-1.32509588389914	-20.6625310482313	4.97415644665122	7.21386170985954	top5000_MAD
GSM1045213	-1.42738547427301	29.3028696553211	3.09362145410729	-15.3099804051273	17.0232828715123	-24.7768287664393	-33.2559132624766	5.2436236549346	4.10928716043986	1.71236478049699	top5000_MAD
GSM1045214	-3.58155494162411	52.2087201084264	-31.1695884923164	-24.5556141097746	-62.2903502282222	33.4510584916811	-36.9020353314892	14.8573119602727	-7.33818102956785	-14.2964675355399	top5000_MAD
GSM1045215	-7.89984419961776	-23.8850525218469	-28.3628114136927	-26.5451035820014	-11.6569852911441	-17.5197901699207	-1.01847013315725	-25.506237411953	14.3241112811678	-11.5407782438768	top5000_MAD
GSM1045216	-6.31802613025374	4.68189773619331	-65.4856517259915	-15.035439065678	-7.21552855868107	-5.0155750517306	-15.1849572912872	6.73715030573709	3.68359661548338	7.78518757155295	top5000_MAD
GSM1045217	52.5796347088238	74.1033397219576	58.0944796491215	1.53331342685718	4.84091970432888	-21.8685826673479	6.61663021909365	-10.1283559991071	-34.9678063204345	-4.97268135563022	top5000_MAD
GSM1045218	19.1215145519914	7.94726711392497	-49.4220955242949	33.0469680432225	48.3638189457616	16.6586424219241	-5.47620303360169	25.6132105879178	6.66318200742503	16.8429802735647	top5000_MAD
GSM1045219	11.8967069173701	4.62766120520956	-39.1928950306362	-0.617670997444221	28.7109313095699	15.4576024873713	-4.92519115875401	25.8693003176367	6.26501786499611	15.9954964196786	top5000_MAD
GSM1045220	9.92500103240724	-23.5897739399226	-22.6625765741964	-30.003167427033	9.5360590123628	14.4078218858136	18.0706224174985	16.0049298456011	-10.215378681404	5.30944142084759	top5000_MAD
GSM1045221	34.220328776836	67.6549549877581	-10.4874782666731	13.0785564722701	21.3878614139003	-8.65504898313608	-1.79470332641695	-18.5393242830047	4.65771455546173	3.3152971392607	top5000_MAD
GSM1045222	15.2771054101595	5.47383376244197	-5.9543112117787	-25.9218237138851	6.14864989628181	0.908579683076641	6.77760870123385	19.9000853079164	-6.1239173373863	7.91012200616019	top5000_MAD
GSM1045223	-34.261637015169	-36.5930613104913	6.47660432807286	-6.02764951301204	11.6256918763692	-14.1249101925052	-5.86857673847584	16.1877305029208	2.9274710850047	10.0965960909065	top5000_MAD
GSM1045224	25.0935499108457	14.9296879365517	-20.8300514831342	30.943485339225	-25.9166735929435	-52.095995149098	-31.8249665500545	18.7988985179304	-6.1049789484797	-0.903253291058609	top5000_MAD
GSM1045225	23.3056707697791	39.5303766364006	-23.6607071615015	2.3773213964301	20.8560224766216	7.44572567178086	-0.145535220322452	-16.7579853117235	6.02706291597045	-11.6186684388022	top5000_MAD
GSM1045226	6.3132659457841	-25.5141504587014	26.998161989709	-8.54833363704441	-11.8459423351218	-8.42473461724669	-5.96566163142508	-6.11890554077788	7.51548932146313	8.36268408070174	top5000_MAD
GSM1045227	31.4478300109317	7.50506958354703	-29.3177058504852	24.8430959745312	-2.75905865897964	-13.8008906128654	14.5804104730909	6.30091963662492	-13.0073735320928	-20.5489353189454	top5000_MAD
GSM1045228	23.3135141141032	-16.3603981918214	32.2729353493077	7.27586462028474	-5.98121594058726	-14.233225347387	-0.820464395651501	-4.60932270942647	-11.6694917576128	8.48857972486706	top5000_MAD
GSM1045229	1.15706257223747	12.4656543374753	-35.0590045909969	-10.0056844023705	1.86343077689624	-29.5446798055525	-1.72831964637061	-2.38308987425442	2.43289097636844	3.26913527384676	top5000_MAD
GSM1045230	7.12220575934548	-41.8101274287274	-20.29336152041	-14.0836581640126	-7.52232726310865	14.6577231496885	5.57379728974736	2.98198838026545	-0.101452753500809	15.1554430033142	top5000_MAD
GSM1045231	23.5317500063622	-12.1317520542754	-46.8785183205253	-13.4352724930168	-20.3529583712688	-21.3046179136722	6.76196595747711	3.98275329451658	-28.0035148796047	-2.573549289054	top5000_MAD
GSM1045232	28.8190466403386	-0.798228178479135	1.18429086471741	8.45783481261106	-20.6594764058722	7.19587921748896	19.6757189403423	10.9466070912895	6.22576059770994	6.64120855864186	top5000_MAD
GSM1045233	14.5945698931363	-10.2972769035604	5.47120523988373	-14.6098728856932	1.38984232259364	-10.9572313398059	6.20143047369761	-4.87165077940036	13.4218644591001	-8.3323021481612	top5000_MAD
GSM1045234	13.3429507364925	-21.6198555409791	-24.3606050910841	2.24720683732529	18.9641463888832	4.66828673346442	46.20349761296	-5.8459409968674	3.4514718042336	-3.97411684498329	top5000_MAD
GSM1045235	19.9808672659063	-31.0869646242173	-8.20922216673183	-9.02850962584352	-12.9921825093923	-6.70554069763343	-2.91809788329246	3.87531175180354	0.931042766462397	-19.6718886953722	top5000_MAD
GSM1045236	-16.3355236460606	-25.3536448143447	5.66890611407202	-29.5969927518802	6.14901415301014	-31.0016540190969	-23.0732251224554	-1.70108322799063	4.25012587934215	-0.148552950082914	top5000_MAD
GSM1045237	10.555802325279	-3.39717763520269	-24.3013050070548	-16.6694722283885	-11.9450295547715	-13.2185663414246	5.28375849170065	31.1023854015883	-4.47370017491916	5.99841715963802	top5000_MAD
GSM1045238	20.2558869895347	-15.498751513819	12.3764324453676	31.9905695260925	-18.4751346916422	8.91845146017473	3.64461694309737	23.1099608128993	37.1216278912837	-9.72915517897072	top5000_MAD
GSM1045239	-10.455152940348	-7.9434108803406	-24.8457199101328	-9.99191612063911	1.15015357633465	-24.8809263244489	0.715812211328609	18.4949032320896	1.1312131103316	-7.7489613349689	top5000_MAD
GSM1045240	-4.36853198970804	0.67241850393393	23.0016981154039	-32.1803650674608	-0.570946524253957	-4.90743493504459	-12.335238070224	-5.41386374794069	9.8710400337963	-8.20219200093404	top5000_MAD
GSM1045241	11.3917363488461	1.51665590590739	5.19813733697247	-8.80608375512412	-25.5550350207831	7.8298747230879	-15.1955534324503	14.7084962777791	16.0317874077823	-19.8013487174524	top5000_MAD
GSM1045242	34.4013727846309	19.5014643668939	-0.681400722721407	12.2897895293292	18.3962755374477	-15.7441756121927	19.5442319010172	25.4152750549917	-16.940552156855	-10.0793613870833	top5000_MAD
GSM1045243	16.6434635302923	31.5917293804489	34.829250006142	-11.2613270574517	16.6525903685847	-10.7397931268683	-0.864430540422797	15.2200967209221	-5.73250307697682	10.1180214288455	top5000_MAD
GSM1045244	38.382921756937	8.16565609906702	24.3418599288515	-8.48549796891687	-8.83093961384241	-8.77199607597775	-3.6274540905362	-7.13127250269092	-2.85548420446706	-6.85239149845914	top5000_MAD
GSM1045245	7.29096821056793	-3.16494110674447	-1.06978896218572	-19.2057974144106	4.93874218532003	-3.1269312569663	38.9727650907539	-7.76412331422985	1.55399367316301	3.06783433943823	top5000_MAD
GSM1045246	15.5321104306068	-17.8377419566522	10.9446422394751	8.59277210720225	3.21733849536659	-24.1306114168161	3.00217601050611	0.778298715160744	6.87355377992295	2.51551134181575	top5000_MAD
GSM1045247	17.7593894196896	-48.0802739805074	12.761966854959	13.5191660274168	-23.9237777857923	42.9735929485988	-18.1430333556446	-26.1123976422376	-14.8064848830018	29.682413863081	top5000_MAD
GSM1045248	18.6448940536079	21.6206563875083	-60.2697857517874	47.3981777189952	2.64046857022626	-9.56147363790745	8.98952075879219	-24.8494992746965	7.64606044559503	11.1999748184115	top5000_MAD
GSM1045249	21.5901958530193	-32.7483175170105	19.1333514299551	14.3142551655176	-12.2061549213543	18.9359536554884	-8.8975413918603	-15.7577942067809	2.85648626947438	21.1072946938277	top5000_MAD
GSM1045250	45.3677933376361	37.3641865247862	-17.6645858061051	26.2474893577648	22.6716877669985	-4.07885964702188	21.1717420527268	22.2692152143403	-22.7087720819779	19.3204931972293	top5000_MAD
GSM1045251	-0.261962113426279	-36.4452088608551	29.3532170108859	-22.4021962266569	0.604483580645456	-1.428911110084	-6.85125327133807	-10.4960997589524	-11.7937835404411	6.1797531430125	top5000_MAD
GSM1045252	-56.6763967021932	17.6085264569497	-38.1859849028575	-0.05368373138746	-42.8477433100288	-31.9939072638933	-3.43627031752142	-32.5966836925994	13.3733607900018	-7.87294316302539	top5000_MAD
GSM1045253	28.6583059121094	-34.8064953147855	1.5949509712547	39.0610441072644	-11.4913628682931	-8.40261209851768	-27.1115211750877	4.39799328177853	6.04240639567168	8.1238899474624	top5000_MAD
GSM1045254	29.8564602536803	-27.6819617634349	14.3551931044997	38.492798422863	-15.4183895202501	1.60395124521638	-5.12243891216989	0.311191625491877	1.47803035232244	-13.5193063568273	top5000_MAD
GSM1045255	28.4797446412823	5.65326037313418	31.211324744688	1.41927090013247	-12.3203021314594	20.6031768884868	41.6477225422543	4.49255519789238	26.5308605918392	13.3603890806533	top5000_MAD
GSM1045256	3.11082206055444	-17.078053401413	18.7843175815194	1.11842215999444	-8.89500366125009	12.640563583966	40.2407114039449	9.66547503934451	21.5147607262763	14.9383036576264	top5000_MAD
GSM1045257	38.556873766591	-21.0700773594673	32.9546225796541	35.7464199892747	-7.21111745617338	23.4989367709059	-12.5702282411021	3.76227448400284	5.56270009725901	-32.9547868682494	top5000_MAD
GSM1045258	-2.63472932476892	-14.3909526915881	-24.2690896084004	-11.4833767003786	-14.6987450216163	-18.8672170456492	-3.05121939409468	13.2956633166418	3.61092153493551	-1.04824516699349	top5000_MAD
GSM1045259	24.19458079632	12.8759578935029	16.5019224682418	6.05806408974428	14.3272489805901	-3.3455212644038	-15.6797485358947	-1.23404993298775	1.88392355446417	8.2190848731877	top5000_MAD
GSM1045260	20.100442859404	-29.4226318506114	15.3011695749023	31.8926181052364	-10.6784997693842	1.39161906940244	-23.9106082711176	0.207557514065151	-0.845937090493772	5.33483607048125	top5000_MAD
GSM1045261	9.59718698086877	8.12697663531202	-42.6166733564952	19.587650615488	31.862624590214	34.8822378966095	8.06764634907109	-1.32574606083235	8.75453736734992	-17.5318695345242	top5000_MAD
GSM1045262	18.9963696856765	-40.7992487414568	11.909373392913	33.9899221484423	-7.13488436796257	11.3018026806333	-23.4346150688212	-11.0275995495751	-16.4571957817637	26.9613239473033	top5000_MAD
GSM1045263	33.2995722748645	-5.56083091724668	-1.11041079655391	-5.60504732586799	3.37359964311949	-19.376516052936	13.2348974683812	9.98527416942648	-12.0892343205307	-3.5601762721704	top5000_MAD
GSM1045264	20.956287206254	33.8717994559457	-55.6470987192908	20.6864341687379	12.536038936991	-9.6995528191119	-5.94492930565413	-13.0499508438794	0.052441472875936	7.04281042973249	top5000_MAD
GSM1045265	-2.14258135947905	-36.7172854890187	13.9953064867469	3.23042698905392	6.19213173322404	-12.5316367359188	-8.09191594122453	13.2803365068087	-12.328278281698	3.08107430183884	top5000_MAD
GSM1045266	-8.63189969435475	47.3584350103897	-36.0922722342733	-29.330473508116	-65.2751624943538	42.0121513055221	-31.4811053468505	12.8153473644664	-5.53339996062567	-12.8810838508739	top5000_MAD
GSM1045267	1.62707534644952	-21.9172066040776	35.4378563725592	-26.0454945022213	11.5174624342656	6.74866320446166	-14.9325833024173	-5.2483325655991	-13.1862821722087	6.1292192981637	top5000_MAD
GSM1045268	5.63350850476044	-38.5612795693041	-20.0628210739401	0.62720722352014	-20.6498812072569	-0.459830458623844	13.7810029694143	-12.9945636965745	14.7333634249745	-12.1274998420144	top5000_MAD
GSM1045269	-8.03950460053421	12.0320122738363	-34.703462387788	-31.5350578821142	-15.8471876509545	-19.2119391724957	-8.78207826569266	-3.67805206761889	-10.0259170721384	-0.770094572069619	top5000_MAD
GSM1045270	10.2594844581933	5.61276928763839	-71.9991827396243	31.985826459864	24.9894792055135	0.642066500743438	-6.58926448253967	-3.02900821102654	-4.76441516851335	7.01017079291535	top5000_MAD
GSM1045271	17.6071778120006	-28.1707835909196	-34.6615074543428	-17.8294243312259	-16.2721498374268	-11.0044838997055	9.20588247144171	9.4612501244769	-8.91527062849446	-3.67953083066166	top5000_MAD
GSM1045272	18.8323440337316	-53.9526522938506	-2.35465577089725	19.5573187139246	-9.50330468690122	-2.01866868193076	-10.2821468573399	-16.7188360096037	-8.46021628452721	15.1539264016991	top5000_MAD
GSM1045273	19.8057695223325	-37.5217513368936	-2.42102538211316	27.7709639965187	-17.1963966990567	15.099608448544	19.2768030454593	5.32907591511364	7.45811175175997	5.59163772519086	top5000_MAD
GSM1045274	48.3404514573493	20.7577296437424	5.92947350502294	-6.57090757442772	2.52885511155989	25.4581685075831	27.9419844778415	1.06943831122109	-40.4254173910227	-26.556562227341	top5000_MAD
GSM1045275	18.7270771718779	4.04438750231241	-43.878202839358	-9.82432399821312	17.8663714726008	11.7025806098209	3.54713678726531	-5.70244238590623	-9.22381238968195	4.43148756037321	top5000_MAD
GSM1045276	23.6620898429935	5.26603968822717	18.538500182722	13.574885067527	-6.78096169842074	-5.72505964506471	19.7678645369855	-2.51778464125782	23.7996502018606	-16.5715229557886	top5000_MAD
GSM1045277	22.3585458570946	-22.5485721931449	-21.7883054578319	0.471039732894806	-4.89333098008462	-2.30951092519031	19.742185726041	-0.151590201013622	-2.10638457006234	-6.98015196415919	top5000_MAD
GSM1045278	-13.3596661162959	6.94155339378221	10.2256511297902	-12.6148886950146	-6.15644461590183	-18.3323102829361	0.844691603229086	2.25606948728741	11.3076047241514	-4.66702452767838	top5000_MAD
GSM1045279	-14.6149575880882	-24.6345423930548	32.0544236020035	-14.9827871184401	15.4737653764812	-3.51772111378131	-12.8024493240943	5.50531003117875	9.54205913652681	-3.46411974798957	top5000_MAD
GSM1045280	-23.4046984704299	-13.7144465122492	19.2451692946036	-40.9341535279342	18.5348192020681	1.37195126889088	-18.53672563677	6.83392462174018	16.0696583900914	5.61529496062583	top5000_MAD
GSM1045281	27.1022273158137	-21.6814674721296	-13.9815925999777	-13.413826196567	-24.6667664215808	22.0942343916561	12.1170147458822	-1.8869059966624	-20.1544320244255	-1.23377364049809	top5000_MAD
GSM1045282	27.2872372963062	49.2080103451399	1.30013079357036	0.257546117807034	52.4657675156203	21.7002711897022	-22.2155457135755	-14.688192627535	-3.16941883852131	-8.78894468063096	top5000_MAD
GSM1045283	6.33958602306802	-8.46840664563539	-22.6088837666395	-33.7470410881599	4.23166279438935	-7.34839523319588	6.3589577300649	0.711361504325856	-16.7294518149075	-4.95031731980267	top5000_MAD
GSM1045284	32.3315767737451	-23.9976586556051	20.8556347998456	17.3226653470044	-1.31635866463014	24.277271110197	10.1945844675729	1.43626228889144	-7.52119866295092	-20.1409235536634	top5000_MAD
GSM1045285	8.75190644443773	41.3069069362725	-10.0277570757065	-9.26920627486679	1.89737651315311	14.6049053098433	0.946762005726772	2.95474536315608	12.7858473712107	16.5356314862569	top5000_MAD
GSM1045286	12.8568977392242	-18.3549443275486	9.62232501930714	-28.0737814526509	-1.19267024447289	-15.7627690127957	13.1994384408463	-12.7917918537816	-22.0915420676726	-1.79116221575586	top5000_MAD
GSM1045287	-0.0871304156067102	3.9988476381063	-10.0974017906419	-11.3687069848685	51.1160553671826	23.5596554145616	-21.2808639171761	-10.2813008184795	11.6914487031114	-8.50679386798785	top5000_MAD
GSM1045288	29.8929807500636	60.9243045238782	60.8275911333055	-12.4041537250336	-2.97138427017156	-2.16731089559679	12.4041126644264	-17.5833543957106	21.0282481357838	1.57360074035813	top5000_MAD
GSM1045289	-10.3422618494337	-22.8248979033642	-3.42319042057301	-43.9028991602751	23.7993190750109	16.0641398415805	-13.2647042997828	6.0215687956051	6.1789437726243	10.2980227406757	top5000_MAD
GSM1045290	-15.3038011919878	-12.9096321347276	-16.2668367709759	-39.9490627144738	-17.7016440276262	-0.910669421130748	22.5287066093666	-28.9827213259006	-4.25353252866379	3.92343001305277	top5000_MAD
GSM1045291	16.1011220500531	-32.2278883914042	10.4303574085819	20.4754666537987	-8.22678259653714	19.5693703824074	10.258121536378	9.1819789643773	10.9024596160645	-18.573241504977	top5000_MAD
GSM1045292	15.3558325146303	-26.4854836434917	15.4597815500114	-5.13739372505836	2.92473260085996	-10.4879605363367	-6.43920052548652	13.8484142019764	-7.00146588892212	0.108065427820524	top5000_MAD
GSM1045293	22.1408981740794	46.1078228403079	-11.3861752043883	14.187603523435	31.6290178535087	1.71795217848648	-18.0280337732228	-2.74502169393537	12.739144340293	-6.89990231924428	top5000_MAD
GSM1045294	9.73997053335775	13.7281797924731	-3.87603655099313	-31.47641728802	58.5555472547964	42.9723979274286	-20.5743844562793	-14.4462287957897	-1.97047659818499	-17.2904505512398	top5000_MAD
GSM1045295	-15.9329153787493	-18.3238773268561	24.7251458338453	-24.0197414407089	13.5256459185575	-6.63947251298719	-0.180988749030041	7.69914864962828	11.6993311796419	4.15123415683285	top5000_MAD
GSM1045296	11.4194534403059	7.3684640244124	-52.2857383912582	-3.65160726103407	32.7487996997638	29.5606639303433	2.54682198552514	-17.4750307458269	14.7637822379668	-12.7399552413881	top5000_MAD
GSM1045297	29.6740875876028	-27.3027040071601	11.0518727431765	23.8992257729386	-19.3950904157487	32.9283058327588	-13.2188842193268	-13.4809256290846	-16.4471665476087	24.8926851665175	top5000_MAD
GSM1045298	0.947437795188872	16.3576695205936	-63.6735874816642	-16.0421400041893	-23.5047794729613	-13.2425482885176	-5.06546675455646	-11.1426046669691	-3.67050993129463	12.7414162619938	top5000_MAD
GSM1045299	33.9676821798961	-15.2550904298471	25.3413504286845	3.6255187563222	-0.574441851236214	-2.7362966480171	-1.98211918266526	-12.0887609689158	-5.51231315784132	0.143229444563144	top5000_MAD
GSM1045300	48.5408914911302	-9.07983741238553	32.4948672339837	16.6152689162848	12.6999094140904	5.55451275477238	-4.96303180081738	5.11882330817927	-16.9586317526841	3.11246043130381	top5000_MAD
GSM1045301	15.6697827809347	36.3652092899566	61.8516535521741	-13.4700481967001	-3.36021139351791	-13.5267092568616	-1.71305011709601	-7.63291197061284	1.87072070719942	10.3483895188125	top5000_MAD
GSM1045302	45.077692687245	99.7832042704785	51.8816587625959	9.52526207947008	4.91969872988759	-16.6402729346493	11.9518557327044	-1.05819287057363	-23.5043796644279	-2.97951150476529	top5000_MAD
GSM1045303	8.7611088655884	-8.27087275517179	0.308854742801989	-25.9109619518544	-2.76090267172357	7.57745775988316	-2.80842599234805	-3.90519207279959	5.6029460662566	-12.6121057632251	top5000_MAD
GSM1045304	10.065256439754	-30.932271970119	9.18433455979214	-7.95600050763058	-2.40731703664248	-6.43191252619921	-10.906843140007	-0.901839045790176	11.888117506237	-16.9402994389658	top5000_MAD
GSM1045305	41.1685263688267	-10.3712945326252	28.1854534952308	52.8524989679682	-10.2448078412607	-6.7105550605839	-18.7745973568629	13.0324655019997	10.3521136282268	-10.5195482635091	top5000_MAD
GSM1045306	8.75191790650085	7.53753132515254	-16.1200412127113	-12.29733616306	-16.9618562453867	4.02021989248578	33.4079044863326	26.3883930317543	21.5434367485797	15.9100883241972	top5000_MAD
GSM1045307	-6.68082359292394	-28.1779687289187	7.70755116449141	-26.8236442125283	13.2623284620388	-7.08580975307631	-9.7089697350039	3.23271566509707	9.41632366958463	-5.76915934412005	top5000_MAD
GSM1045308	14.6789198605985	-42.4060432896991	28.3857365700405	-25.982011282503	11.2211734246257	12.8811294296164	0.576945481290234	-15.9114952180085	-2.52204976577443	6.62863911262559	top5000_MAD
GSM1045309	22.1851802991788	-7.46220829749206	24.6669775227695	-7.91510302433181	-1.80457658798988	-4.48703450684694	13.8924339824993	-26.9889634851067	-0.715001389189552	5.9278613503447	top5000_MAD
GSM1045310	12.3349494158518	-46.2349811430188	12.812156494771	24.1724107025903	-9.09779396200139	8.84535724302626	-0.900336282484217	-15.5940617607666	-0.7875848667425	-8.35797819604794	top5000_MAD
GSM1045311	4.51855894583527	-31.6058602723448	6.86533043570652	1.19905410828193	4.20956209774516	-20.4293044073095	3.79180845456903	-6.21489881619637	1.82391139884581	3.29686434047098	top5000_MAD
GSM1045191	-55.2052795211146	16.5521333692936	-1.57499265293341	7.99001817620722	-0.659940658867015	2.59348315467197	8.48787317294311	-0.6706218081254	1.13929606361928	-8.93742233392179	top1000_MAD
GSM1045192	-24.2613240214716	-28.1469722639739	28.1277561896295	-17.6766383492157	-15.0518495133385	8.57406453874472	-8.04854425367073	10.6323955015393	9.7723458823701	-5.70118999474309	top1000_MAD
GSM1045193	4.85547240593015	-51.9545339743972	43.2703263304883	-28.2400190657156	-24.2282488749708	-22.5475929797882	6.14914710196491	-9.38946514314406	-2.68645134831507	1.36628669959094	top1000_MAD
GSM1045194	-2.6281009931533	1.51198852164746	17.9547374274179	18.3623399210594	-18.0242368324902	-7.65331136448378	7.34353628364517	3.5945171614843	4.69692204408799	-16.4652028940766	top1000_MAD
GSM1045195	-68.8836286320019	5.80805973252932	7.77619465605117	1.53878392339466	4.87400138509951	2.13618574067779	2.46642811089634	1.94896157953079	0.886670261008581	0.292254503996539	top1000_MAD
GSM1045196	-76.4609558227109	4.80667360735305	14.7024300456002	-5.40295519315495	9.98829344873231	3.59587457890793	1.43690388864669	-2.24846743961976	-1.65027408085907	6.24285828120322	top1000_MAD
GSM1045197	-69.8953495565244	5.44102356467361	2.71313408397795	3.56856833547668	7.04081474013608	3.29077264147175	3.55467928081439	-0.754026404082302	0.188216228896767	0.961886499555514	top1000_MAD
GSM1045198	-68.5228118845292	4.80987456234321	9.65695912392678	-11.3719943286474	10.7557246790081	3.90544266044424	2.34993546463803	-0.261931442787641	1.1249370043817	4.04504703787012	top1000_MAD
GSM1045199	-73.1793773031992	10.9093236654338	14.2013687722335	-0.670083919250633	11.6656073225433	2.87715536967213	0.854927680442872	-5.05383337477552	-1.91539614595714	8.93356965707816	top1000_MAD
GSM1045200	-40.4477372479444	15.1540487933188	-3.80827515527092	8.83909596914805	2.1330927320783	9.18574762989233	14.7811256516162	5.39556942476788	-4.09517676319081	-12.2449709541159	top1000_MAD
GSM1045201	-45.5618339466494	6.94355242775082	-9.37047082007738	15.2969269784991	-3.43339990611521	-4.18570623662225	2.22907527457039	1.4012466171802	-0.699879542040756	-7.72305541242291	top1000_MAD
GSM1045202	-68.3625275521644	7.38045643109671	-6.91460185477974	0.833585179739782	7.43631430022551	-1.73980728274947	-0.955271968736997	-2.94682176858444	1.06084581192904	1.65808835360763	top1000_MAD
GSM1045203	-62.3703069583356	3.23874813704521	21.3710190797255	8.56414326949852	-3.70471355420544	2.83800871457373	4.30693744143896	0.0477034212091226	-0.968152760825989	-0.259131401831073	top1000_MAD
GSM1045204	-76.6570222698461	4.25023468478527	12.3736580027142	-6.05612124660456	7.61780686034287	3.78525491339269	-0.658680857225073	-6.15552454034078	-0.15043878267089	4.12590414515671	top1000_MAD
GSM1045205	-72.683536564815	9.95517099042584	11.1568084234853	4.18973243430344	6.59395722964205	2.93049149201961	5.46325840854875	-2.74323443288867	-0.572003484460917	4.18277158611252	top1000_MAD
GSM1045206	-70.923054663474	0.752891855636	20.5785927570757	-5.49508893002975	9.22949233674419	3.23010477696599	5.11854744951025	2.0631446455855	-2.81506809445154	4.81714599299526	top1000_MAD
GSM1045207	-76.0601719264097	3.81794494936857	18.135448493467	-4.99813481320394	10.6270314780881	5.08485456019955	2.87584062900117	-1.40140635558868	-3.06728948275869	5.30770795276592	top1000_MAD
GSM1045208	19.5312429873893	16.3200617803175	-5.59456191944084	5.95180866952636	-9.34908932580848	-4.19852841711759	2.15171419778459	-2.97416544139006	-4.33639906149636	20.5511594381177	top1000_MAD
GSM1045209	13.2431271757719	11.9575077524151	14.0674482263044	-1.55643125144018	6.36816192382083	7.10048626414811	-7.84953706704163	9.34003799594777	-6.73605648742334	-7.77474000514379	top1000_MAD
GSM1045210	20.2740618732012	13.9905820212318	-0.122090780811513	7.3134484906271	-10.98550413551	-1.49732227698157	4.79816054271173	4.89560438765895	-6.00791464708657	16.9679533129971	top1000_MAD
GSM1045211	16.5942370054743	-4.4611657634645	12.6205111073609	7.11592686445039	-6.5125023084233	11.3575673179338	-16.6217084758563	3.68748318825717	-0.253229281649427	-7.56574844657001	top1000_MAD
GSM1045212	4.17234347855239	-43.6201154191908	-22.2223994870845	-1.54420171001295	21.6899803719577	4.49175830586599	-12.1609305259332	8.7088979382265	5.95881104696098	3.44691599257747	top1000_MAD
GSM1045213	-12.6506422570753	-9.51963739103128	-11.0623919274745	12.8770909814958	-12.5966680374805	-10.4301718608556	-0.0269292021767616	13.0980651206254	-1.3498196191776	-8.53609316692151	top1000_MAD
GSM1045214	-9.53626041144441	-42.5511696776199	16.4502336980264	-36.7606458997988	-22.1380694762544	-28.8773893030135	2.81296212669517	-1.6628847472102	-0.896063913979466	3.42608956504177	top1000_MAD
GSM1045215	-1.82114885919079	4.35401044746455	-27.3116488675543	-13.6702223312273	2.54137796490902	-0.1174664876366	-24.2000552711223	-1.27302501267506	-0.46419464160683	-1.52321602799432	top1000_MAD
GSM1045216	-10.1000244350516	-28.7054422041516	-32.8675276166252	-11.5922852200764	4.58198678880526	-12.3060881765718	1.4126531419417	3.80480115160886	-1.02760182839337	-1.97752437597556	top1000_MAD
GSM1045217	25.2255280324714	-14.4696279431977	33.5937667052297	10.5685092553355	-19.6816350741854	16.8250600667441	5.98086836123117	7.25611458841197	10.1371917158485	1.37540398504331	top1000_MAD
GSM1045218	11.0249220984095	-35.1169247224603	-10.2098328223871	30.8005631238269	21.9751009427817	-9.0675112404484	13.2681340875621	-0.802191616907482	-1.89058486390232	1.06349833551376	top1000_MAD
GSM1045219	5.6344754269703	-23.3067035733321	-19.0760136840092	16.4142880094982	6.26718241646161	-13.0720116050718	11.718719877277	-2.5481593235903	-3.06212543053279	-0.932504922618283	top1000_MAD
GSM1045220	6.47601897245622	-2.39969712767031	-24.0907063578889	3.07081285318464	-5.77354486793553	-1.16670307500082	9.39901784698376	-16.2087053620391	-1.37873237973974	2.43680910163669	top1000_MAD
GSM1045221	9.6513581946746	-43.7426056033575	11.7850413194353	15.2264127528285	4.31582555518215	4.09550242905626	-8.83832224859737	10.8703779048168	3.56073124061098	-2.41826635135595	top1000_MAD
GSM1045222	5.72818660368629	-7.02605157122208	-14.9105847833168	3.58765251107895	-12.6847677702933	-2.02090504558341	9.81262589602329	-5.9866133832607	-0.354159993784532	-0.820534940665348	top1000_MAD
GSM1045223	-17.1332030420479	29.6799250191967	-19.8856814278039	8.31327198060574	0.912698736553296	-2.48106672295155	5.31092729182185	4.28724845256736	0.478797913295634	-1.47304293916827	top1000_MAD
GSM1045224	13.6088331006104	-9.94747694263353	-6.92677004155189	-17.1257512337758	-3.17621634145371	2.40775370585884	14.4934496085143	27.6907272457979	-2.57255781694982	-2.42950067633112	top1000_MAD
GSM1045225	2.76965025069431	-38.5416290071979	2.4809053657805	10.6424738247553	2.54666529270154	1.29114780200377	-10.7990990743192	1.67132370913529	-0.459231944633344	-1.52474291999136	top1000_MAD
GSM1045226	10.6060184819109	28.1767212484897	2.94714681849332	-7.38659707684595	-6.33037579431205	-0.789818100236835	-7.15037013312943	5.07588498676271	11.2738760333564	4.29945777132952	top1000_MAD
GSM1045227	17.01745705758	-20.8497583882002	-0.380765362335526	-6.47327835373852	1.70425851831133	19.7180335691541	7.30069807755986	-1.99488482556389	-2.34398452228181	10.3513331686137	top1000_MAD
GSM1045228	17.4197158810414	26.8100883037833	9.33621006940396	-1.63070897529736	0.829835896452562	5.49712631224749	2.91160022421336	5.05739559343953	12.7205075621141	0.324895585397275	top1000_MAD
GSM1045229	-3.8487791993098	-17.2843165939171	-26.663754182426	-3.59618170627505	-0.749492961261127	6.02445521528607	-2.22268856719836	8.9780433850373	2.10228493527225	-6.61005043949733	top1000_MAD
GSM1045230	13.781286152856	13.1416638383514	-20.3091231863002	-9.22360413286815	2.33965485581372	-9.19603970032903	1.01263071367864	-13.0153824356717	7.17353904956587	1.01626297117009	top1000_MAD
GSM1045231	16.5145902286733	-14.8287001403418	-27.2359865696211	-18.4648253454577	-5.29812283227696	10.2500822874695	15.1780733544269	-0.370637030955759	-0.133634576754526	-0.593251463987763	top1000_MAD
GSM1045232	23.2876357770096	-2.27300297288246	6.37142434054963	-14.6521063955493	0.126818182141645	4.76985406393193	2.52714685754833	-2.58301510103873	-3.60231775956151	-0.179943111775445	top1000_MAD
GSM1045233	10.5333607178279	9.53192185342838	-9.6876023943479	-0.428090458581171	-3.53868854835643	3.23387292549914	-8.90023251162823	-2.62607745900705	-8.13436646910752	-9.07273621616644	top1000_MAD
GSM1045234	16.6151827280113	-3.71498666475798	-9.35234647608483	9.33554981681263	6.34388606396218	25.7077424318707	-4.93674249605857	-22.1875696081688	1.68267840797097	-0.835227882778945	top1000_MAD
GSM1045235	18.0364414364785	10.9429847219506	-13.5907829162022	-11.0193344593149	-5.35098326989151	-0.14674714769182	-4.33899083305704	-1.7873238634009	-9.5875736344006	6.74964562018503	top1000_MAD
GSM1045236	-8.54376653819226	22.8933261535268	-24.8817959217483	5.61361926581495	-13.6154689691454	-0.789043428179813	-4.46708626335152	9.93806853375878	3.07439444270393	-5.72113668835285	top1000_MAD
GSM1045237	7.09542558239316	-8.99766908545517	-23.1289720143637	-9.03480115927641	-10.8659396983063	3.62227846994834	16.3080276111749	0.280259714875314	-2.3838378563103	-3.86229281559857	top1000_MAD
GSM1045238	20.5716750510114	9.15688674070994	15.6484598574688	-10.5775870915155	11.4915192334709	-0.0957841345165545	-3.56381173267734	3.07348206257214	-21.6178536779262	-4.33758538674699	top1000_MAD
GSM1045239	-10.5975852869388	-3.36006423554002	-23.5545682416764	-4.68029046916001	-4.77755793562849	8.69294575274844	8.7256799057971	2.29598001137814	-8.42608021886993	-4.02568811108993	top1000_MAD
GSM1045240	-5.39569545557923	12.9715895000002	-4.02653900441597	-0.269936943093336	-19.4945931868801	-5.6428557564049	-10.1323889449775	0.302477004301618	-2.72247646961807	-1.36056610875316	top1000_MAD
GSM1045241	4.22152430606819	1.52449627897126	3.95880590750239	-18.751249286388	-9.44417137808511	-13.8100336261576	-0.53439150268304	3.0333001658718	-19.2974565018649	-3.95687767237181	top1000_MAD
GSM1045242	17.7564369371622	-14.2985552922493	6.53094136853614	11.3815105559132	-6.2480033325808	22.7520500845181	15.5622871729038	-2.65085193880925	-0.935197145394189	1.3443590070243	top1000_MAD
GSM1045243	2.05066953869746	1.45846258897251	6.42193137190196	18.0687359598967	-19.3569734348147	2.67690070639994	10.1095881745712	3.07295044923026	-1.38300359865711	-8.13994488299786	top1000_MAD
GSM1045244	25.1629940320533	5.21102497759543	8.61023920647925	-5.08411184907658	-7.82069140141701	0.890560375391835	-5.78021306491932	4.28863856083137	-1.36919271228558	1.7327335355295	top1000_MAD
GSM1045245	7.45306270854594	-2.87950315697634	-3.87314761177967	2.17022194842064	-9.47475399478366	26.78364471336	-1.95160767739271	-18.6802452714989	6.15927222511925	-17.5208362418212	top1000_MAD
GSM1045246	11.2882760932473	18.9904577375903	-4.26111754122757	5.24217122117365	-0.636294020478166	13.4495964344447	-2.41115735834766	7.01119304810746	2.81097153168124	0.129771572740025	top1000_MAD
GSM1045247	21.1251168356134	23.9951313478781	16.294465771217	-16.3168134050033	24.670691748084	-23.7097170106419	7.12063203390583	-15.7758960742215	23.6490613121451	-8.22735372092539	top1000_MAD
GSM1045248	11.486387378259	-42.5333952786492	2.88399747795085	-1.20866165421856	26.3053421752174	14.7901318312458	-8.14988531983542	6.45975174266776	13.3270697265608	-4.76849135084741	top1000_MAD
GSM1045249	22.5458731764803	21.0991387617733	12.3569219756048	-7.57006077561792	18.4343459266334	-10.3257477272701	-0.186377657021436	-7.38188816668605	18.0553797024006	-8.85429780618483	top1000_MAD
GSM1045250	22.8012386858085	-33.366610863792	5.8039785679761	16.421337400008	6.97112825977634	14.2969359101599	29.014098039261	-3.76332988530343	5.52991024766136	-3.76318780075392	top1000_MAD
GSM1045251	3.96112722922071	35.8696860387984	-3.19439087096796	1.68846055502972	-9.88188162609181	-2.81359300247709	-0.75029411586726	4.07422049566838	10.0323798436122	10.3244024418972	top1000_MAD
GSM1045252	-40.5598985167979	-19.2194329243281	-3.90717769093277	-32.475169606379	1.3051368978492	10.882967772256	-20.811026097285	8.63364283998089	8.78539014280414	-1.6790090709187	top1000_MAD
GSM1045253	27.2479168545563	14.2023828621127	1.00804936341979	-3.43997386058054	17.8521677538732	-11.6185384359426	4.62648279945441	16.2074996566377	-5.87993556986496	-8.80322399075442	top1000_MAD
GSM1045254	27.1558519844486	15.1226023680445	17.3282311996347	-9.08105835214487	15.5229839156047	2.95514426948677	-0.319755254156096	7.88693156545531	-7.63998784698029	5.4465252764448	top1000_MAD
GSM1045255	23.6215132617062	7.59329966604673	20.5799563202419	-4.7176323917519	-2.64989765269347	8.41405776561765	-4.5176111594899	-18.6151377934314	-4.93150147091881	-7.0731346693848	top1000_MAD
GSM1045256	7.14854953172902	18.0376042555965	5.82507363020674	-5.71211800822592	3.87846375418912	9.57997580286191	-2.26093309394126	-16.247326956007	-3.13281899623679	-5.10190111680309	top1000_MAD
GSM1045257	30.1821143147257	16.3943578962759	32.183258046681	1.71702017451731	12.0961171666568	-9.31688465493779	-0.576521190451246	6.10563915016626	-19.9724105471061	5.44974703630154	top1000_MAD
GSM1045258	-1.01318478650292	1.29972712284788	-25.1300259223336	-14.04443782343	-1.12024727167397	0.821093422581041	3.76702486294006	6.38039704797714	-7.61967636098008	2.38552479382296	top1000_MAD
GSM1045259	13.4756793556307	3.38168507791514	3.2167663106438	11.0463019085509	3.92165755551928	-8.72501541121224	-3.54139497355426	10.7039869627458	2.4351933839343	-1.31423913872775	top1000_MAD
GSM1045260	18.3456301652292	18.8850671957078	12.1263974595041	-5.06958643159883	14.8522658321389	-9.22670477464432	8.30595236272679	10.2801510301402	-2.39457168543713	-10.936146207616	top1000_MAD
GSM1045261	1.31285217447214	-31.5310248594985	6.58310168438679	16.9466357518541	16.2007811558541	-1.25111877561553	-5.55864481439279	-13.3480741906127	-10.0010962785853	8.27541930803239	top1000_MAD
GSM1045262	20.567772310351	24.9384083639749	10.712943126967	-0.807508102590406	19.2501934873215	-15.5659672030746	10.3561483392562	1.9731665976874	20.3227460188086	-3.70237031660018	top1000_MAD
GSM1045263	24.8359099676608	1.29206790229762	-11.0680755997213	0.408867260868302	-3.4100580296078	14.5990181153321	7.61725793862469	4.32884263696957	1.86054222350307	5.50926444747235	top1000_MAD
GSM1045264	8.05766877080529	-48.8123301320925	-6.74840697121838	4.1764548377159	14.6442609916584	1.27320440133287	-7.06843173058561	10.2801559610444	8.21565379053828	3.35504844597566	top1000_MAD
GSM1045265	2.02867061404984	27.7179255917004	-8.92616089646772	7.46892305419304	-0.650817140380523	-1.61445263814873	14.4560143278466	11.1498020737852	-1.0572186822021	10.2930178203618	top1000_MAD
GSM1045266	-10.8830059347328	-42.5116914862673	15.8869261044235	-38.8727377085733	-22.3740708065373	-29.9550456622237	0.694281403257743	-4.82189165563224	-0.567119293960531	4.08554602136085	top1000_MAD
GSM1045267	0.170850085707478	28.6376775185568	-0.739418928214434	13.3008926603107	-12.9093418383583	-12.6190324279002	2.04191409297466	2.06618906463389	8.34662599165153	6.55817954918916	top1000_MAD
GSM1045268	11.5098915925728	10.4441767269191	-12.6248728369068	-20.8871073290931	12.0845367866042	6.44450797369244	-11.6258661046593	-3.11846076380754	-14.2880074561098	-6.51216305864922	top1000_MAD
GSM1045269	-11.3572223206013	-16.0967201954007	-24.5700463176866	-14.4257038082702	-10.5418932623471	0.387166392727033	1.2456712350275	5.0114076556027	4.84576663973677	-1.44361345029106	top1000_MAD
GSM1045270	4.82064860231925	-41.3514172222564	-18.0535646690643	9.87247069841659	23.7319953451952	-3.83308468050674	6.94824703507954	6.0842568916503	-1.29916858504814	3.90588595726442	top1000_MAD
GSM1045271	16.230084299589	-0.0811292819088521	-27.7479592828414	-16.0924554914049	-2.49715137514656	2.98229568815079	6.32616888030183	-2.00811216993094	-5.41431811191002	7.32056681004769	top1000_MAD
GSM1045272	24.6431595384756	27.3263174706325	-4.82641680153736	-3.57469394495007	11.1285483082478	-6.06531789093222	-2.77436342669635	4.99865363360234	13.4809610897223	12.9592452461118	top1000_MAD
GSM1045273	23.2890825690454	16.7104219929527	4.83237030407961	-13.6594179241429	24.3695877823902	1.36239020474528	5.18855678925066	-7.93522188881547	-9.26249602566727	-6.38295962567732	top1000_MAD
GSM1045274	26.9786929589547	-18.9311266022601	15.9666038039296	-2.70007211859604	-8.88348204713313	12.0916497059094	11.6252319957544	-19.1661835743565	-5.21536280397502	17.9205613525758	top1000_MAD
GSM1045275	11.0589986453041	-28.5516687181247	-14.4994834208501	5.44634452537712	6.68299218609712	0.583275532607597	0.0940034950041799	-4.8223845219784	10.4027224503828	5.89377168484757	top1000_MAD
GSM1045276	18.6109516506965	1.18955326351713	16.9762967259261	-5.64466751552668	2.27320532494902	16.6339799370262	-10.4591402607431	-4.342084303042	-12.8722385013406	-15.3618107472161	top1000_MAD
GSM1045277	20.3294746182333	-1.24068693874558	-13.7364429631269	-5.80325632845531	2.46289732261746	10.6419095875769	-1.29191492158335	-3.94128575929403	-3.25025831963986	7.51309418789133	top1000_MAD
GSM1045278	-12.9415073601966	6.45029670691218	-3.34536407311412	-5.26311425805514	-10.3904937661272	6.53505941666212	-5.51423113632052	8.97623392827329	0.453577872148216	3.00795078846193	top1000_MAD
GSM1045279	-8.9449583913879	31.0663125289408	-2.21803474623746	14.4173043782371	-7.74795196919491	-5.4806248563105	-5.54574914210841	3.37133870166869	1.7067956139156	-0.223032646883221	top1000_MAD
GSM1045280	-15.5519798187687	20.7618182731574	-16.1161198361737	14.2726498571589	-17.6898688887978	-15.1844576750105	-3.54579929042917	-1.58508259963687	-2.95047251427354	-8.37611926298368	top1000_MAD
GSM1045281	21.4754762200045	0.656365767868262	-3.79602071831102	-21.8650306128341	2.75233173128985	-7.45866655178697	6.35601378472719	-5.46030339208863	3.09653015689998	8.1644021395279	top1000_MAD
GSM1045282	8.17306242519889	-35.2668963432106	13.6151465303093	38.6095746974551	1.76790566403248	-13.5022055371264	-6.93936012033715	5.11368615477891	0.0904285644677888	-1.32315752007652	top1000_MAD
GSM1045283	2.91457566229469	-5.6274258231761	-25.4162714178509	-0.385802541887879	-9.53541134848382	3.56133766944794	4.11755457627034	-4.91261864120745	-0.417849649294835	-1.15848413614784	top1000_MAD
GSM1045284	22.7117032606704	16.1215437258573	19.6762456208931	2.43274678184389	8.43241549963849	-1.06878981747928	-0.284682669265788	-1.0315995044447	-9.93878973581818	10.3209562029742	top1000_MAD
GSM1045285	-0.420938004221044	-24.9498604230258	0.171863131907888	0.719917361685853	-4.51860662448662	-11.5877362559112	-1.71720962911222	-1.10193421186133	1.09669404963321	-0.390896837543957	top1000_MAD
GSM1045286	9.24901315486649	17.3145539384849	-12.9603562835374	-4.45073869143603	-10.4428370742721	13.3153182783954	-1.95310781306664	1.37370373529636	9.49350305983139	12.9810356942152	top1000_MAD
GSM1045287	-6.45829796312164	-15.4000952601684	-2.85788917220879	36.4285578147068	2.68298878746283	-11.0376530354435	-7.49393164803065	-11.6154652302919	-1.87304520558293	2.04161856168988	top1000_MAD
GSM1045288	14.430108460741	-3.7490040245455	32.6828994301343	6.15732219656981	-23.6893588095527	8.17079250709702	-17.9111923437808	-3.32291874444323	4.46288859333993	2.78929100057392	top1000_MAD
GSM1045289	-7.91944862011215	11.4995846670894	-24.5907430864394	15.7874713033726	-11.501066652425	-20.2051715710891	2.45176604389298	-7.65989016849288	-2.18732235425433	-6.06320864674872	top1000_MAD
GSM1045290	-10.1564857792025	5.0401131733952	-17.5603940179347	-14.9204941179645	-4.10595083884096	7.56887149272028	-10.3022623773562	-10.162193314954	9.33671099123792	-2.29875015116841	top1000_MAD
GSM1045291	16.8190278444718	15.8931499821955	10.3446092772907	-5.15039844101414	13.1926697750024	0.460096974612899	-0.0926609029266139	-8.00419802236523	-23.1551454426466	-2.8001947724529	top1000_MAD
GSM1045292	10.8933419089729	22.5122999353858	-7.30976284201612	5.0673092736864	-5.28487986138578	-2.46733080873342	7.03622832971062	5.06064595280312	-5.31616072523289	-2.6897458603789	top1000_MAD
GSM1045293	7.01037081057971	-36.1257804981647	7.386807894569	20.6649113170729	5.37919324686988	-7.41816810507887	-12.1776511541901	12.7450838213303	-3.4320285239877	1.1141628707124	top1000_MAD
GSM1045294	-3.13780074568003	-21.5595320676045	1.01928384274804	41.9575285104597	-5.51711478973458	-19.3169016604208	-10.1719514875375	-15.7586725257086	-3.70800389128357	2.28582767149435	top1000_MAD
GSM1045295	-9.67391378130419	25.4208920637325	-9.69692882897152	11.8967828456915	-12.2939422790946	-0.783449125494767	-3.13283927810357	-1.85658720622383	-0.406605148382899	0.0355488052092953	top1000_MAD
GSM1045296	3.77127049793765	-37.5316898154501	-11.4330945715362	15.3553001258411	12.0719038463834	-7.80630650050861	-19.590579233983	-10.3704698295032	-3.88051143988395	6.025292187127	top1000_MAD
GSM1045297	29.8632146359299	10.5175892962321	20.3850387294772	-15.0134754110247	17.7901808648831	-15.6245976959632	11.4383056858742	-12.8948844903481	20.7886628114275	-12.3865754801929	top1000_MAD
GSM1045298	-3.08833353562844	-37.1184948286197	-24.8694627492198	-21.2839071614214	4.33777623855537	-4.13181989010737	-3.09442225177482	5.35937970551678	12.4412979759127	-1.51367567615147	top1000_MAD
GSM1045299	27.3969562520825	18.8894041633024	6.10054223760097	3.40367445884458	-0.865306013164149	1.70686038727777	-5.83629641984562	6.11993193732866	7.47947088485193	6.53994616727932	top1000_MAD
GSM1045300	33.2822199450864	16.141263257538	15.4992070527986	15.3861251433284	0.895484130603671	-3.4942465979169	7.61845136583013	2.39727017590058	0.741139610559963	7.82369251564072	top1000_MAD
GSM1045301	3.72135411701005	16.3220316022691	22.6728249799467	5.44761772508611	-21.0948053036187	1.85499584155029	-6.69901033563468	6.31347395555142	11.5743444689206	5.05576534460891	top1000_MAD
GSM1045302	15.3473005586876	-27.8480103179692	38.9466325986407	10.8335990520178	-21.0798107838266	18.4332264991691	10.8047640196349	4.76334370328243	2.22919545683181	-6.75377405529524	top1000_MAD
GSM1045303	1.31597102992142	5.75963119503965	-9.3998068476348	-5.51092587987928	-7.4070755259875	-8.21461975296869	-7.21907452241059	-5.75372107603542	-10.6926144073228	-3.47795855216404	top1000_MAD
GSM1045304	8.07905149345454	20.9478323397653	-7.40978221953243	-2.36373230282781	-0.148117453540185	-4.98540373803676	-9.01153096519681	3.2746948669867	-11.1973840068611	-3.29071684347648	top1000_MAD
GSM1045305	33.1237577597155	13.9615879696822	25.1061497494795	-0.710066101772289	11.7639217894067	-3.53965502639788	1.17428590255865	15.4048872468562	-10.8069885166485	0.228923849721499	top1000_MAD
GSM1045306	11.2255924291911	-14.0885432045279	-8.88314927278188	-12.1713769174751	-8.84720866725364	12.0417949346838	7.80538427038434	-10.666442459898	-4.83672169410346	-8.44296438551741	top1000_MAD
GSM1045307	-4.20960669132669	21.3251893251338	-19.9921432274258	7.84581617958625	-7.15085386773851	-8.2863040860941	-4.86696711205975	-0.69284806917694	-4.7145737774486	-3.26782525352972	top1000_MAD
GSM1045308	14.5648465299048	34.9741474392739	-3.53589348557311	10.0846928496217	-5.94283810873253	-7.12272370131857	-11.9167901444472	-11.673867629081	9.51976832627331	-2.05234192530456	top1000_MAD
GSM1045309	15.1505366813865	18.1653781151128	6.71119235141372	0.483366393606518	-1.82054649350428	8.97105831909213	-12.290795449112	-3.95095383002506	12.3483654102985	4.84013192974974	top1000_MAD
GSM1045310	16.8257009459049	29.3158515642843	11.3196512396034	-5.95035746629381	16.3205283873342	-0.908594128374027	-8.53181853051811	0.782216989765847	-4.35133499887768	-0.237284218112398	top1000_MAD
GSM1045311	8.95933648624079	23.8509721141093	-10.9862190979639	1.95259031374519	4.97169471137607	11.072573741958	-4.16278641073678	6.25651434775868	7.85845029597914	7.59347729983027	top1000_MAD
GSM1045191	-108.539393734253	-13.9430540922055	17.5150167018091	-0.0734704231388133	12.1861409263701	-6.49424176031284	2.69105929489885	11.7056290430351	-3.08296803311632	11.0115031146295	all_eligible_genes
GSM1045192	-12.2513357876836	-94.4142354860726	-30.3489029116867	3.87056527128263	-45.9066686040012	-2.40466452909178	16.17171092926	-37.4409273848523	34.5735753741731	-1.86563102461362	all_eligible_genes
GSM1045193	31.8048546037305	-121.63321769325	-47.0436961260097	47.6597738370986	-57.9180952781117	81.9245042890032	-6.79221403519976	19.7284741072872	14.0315159799523	16.4408092774105	all_eligible_genes
GSM1045194	13.7440454405649	-77.2925718467427	21.5827870202197	4.11089906824135	10.9063401816117	6.2284997757825	4.15765486499816	9.8650569833327	31.9680281941235	29.7385629738942	all_eligible_genes
GSM1045195	-128.565853697982	-18.0420268433688	5.70942501645494	-9.28515196400456	4.33881701218768	0.776357772745907	-1.0407011407354	3.55078728212342	-6.18581546229495	-1.97754907001098	all_eligible_genes
GSM1045196	-149.757731805609	-5.42303918445918	1.42103387762354	-23.1288714313192	-5.78649835995105	11.4891883579243	-1.96977831595118	-1.39426656951769	-18.5416494357994	-7.072341653121	all_eligible_genes
GSM1045197	-136.183870625119	-8.32290618008605	-1.28663598615735	-14.6733553468719	3.75969166232298	8.140167263714	9.88861154016146	-1.14771917167807	-2.36493032502174	5.23600802338524	all_eligible_genes
GSM1045198	-129.728337143201	-13.317470049521	-2.43166104625027	-10.2853161535512	-14.4770691653461	7.57758801236498	9.75117546807899	-7.34896730554431	-6.65677290511678	1.14654447215407	all_eligible_genes
GSM1045199	-147.61748144382	-2.24045363447001	6.96661891108746	-13.07081494221	3.84253956300957	24.3153179203804	9.13979353636113	-9.35984061144194	-10.4739573835446	-2.74383405969635	all_eligible_genes
GSM1045200	-77.6102624153358	-8.38339201080572	11.422583795142	-32.7387469649707	-0.3112538690636	-26.686762221605	-4.78322453706596	22.0332180952418	-3.34043225244797	14.236088424729	all_eligible_genes
GSM1045201	-77.1169638259644	-19.9493899534784	3.04427097613148	4.01635780551056	22.4035322453628	-11.7616811736848	-0.685317732888842	14.5198481603952	19.3098285413822	9.33994387724273	all_eligible_genes
GSM1045202	-136.16716341688	10.8550748360936	-7.10282832990581	3.10590636793532	6.89703099044925	4.39776585061913	1.51717852787718	-7.16724034994854	0.548631374589468	1.46078916460449	all_eligible_genes
GSM1045203	-100.796469695984	-61.1204699357595	17.3695947810489	-13.1821973545547	7.12297158304389	2.76787708201452	-3.03538414157991	3.69956468480834	-10.0836835530696	0.632092294697945	all_eligible_genes
GSM1045204	-146.871613714047	-11.5396879763987	1.62144428515157	-2.53563675212504	-0.472904110746078	15.702945529124	9.46095404084542	-9.50292975138795	-10.2276792510743	-3.26760319989795	all_eligible_genes
GSM1045205	-141.042015723393	-10.8301223104555	7.06086167067767	-15.4845171306698	6.8280336159744	13.0622871162823	5.59866053661673	-7.22862052299544	-17.8463008508332	1.44210982938181	all_eligible_genes
GSM1045206	-127.186042772168	-39.3410815574722	5.13370030488052	-33.4620464573542	-12.9866662803583	3.4395263156337	-2.85038473001899	3.10187865403158	-11.4975419303592	-4.86029312038284	all_eligible_genes
GSM1045207	-145.021543312704	-18.5538009713292	3.42658819756028	-28.4862076206693	-8.16275237225861	11.1290640754786	2.51245845087544	-0.54418301141305	-13.008718012742	-7.00820460501302	all_eligible_genes
GSM1045208	28.1288065121991	16.9345491938196	29.9970119426669	21.0614231153372	13.1940653655801	4.809711096296	-0.581458280505114	3.73110562279599	-12.649626011237	-3.91452813877277	all_eligible_genes
GSM1045209	26.0815842466091	-14.5312116649043	21.7827926739687	-40.781490207334	-16.230895951844	-25.0162051741558	-11.7380279996575	0.806137266303695	3.54764882496602	-15.3314280942583	all_eligible_genes
GSM1045210	32.9578189184296	-6.36854003607193	32.7806242420707	2.96611522103317	5.95719513614285	-6.82127216909849	-5.97935474233515	19.7759334812799	-9.81007477951736	-5.56436458614247	all_eligible_genes
GSM1045211	38.82036835963	-60.2796266119855	13.2074063977851	-6.46162876433078	1.62313244525333	-16.8168703901382	13.0910407984058	-5.70793197815269	19.1536299229978	-16.8378281443431	all_eligible_genes
GSM1045212	14.9078403777085	32.2440078573377	-89.6786744530669	-44.6686539297065	-4.45795593375431	-16.5858143937643	4.52214498997169	-23.9846530340135	19.1526022039299	3.0528362679718	all_eligible_genes
GSM1045213	5.56611326892898	-36.822910646121	-13.1286698245243	-0.120992327957145	12.6005163585472	-36.9418432483007	-39.2850680083212	9.10688328434411	7.08951497736015	3.52423002780753	all_eligible_genes
GSM1045214	1.7532266864496	-26.1074977382433	-64.9086022960264	55.9164582662205	-64.4946316188854	38.0439139514395	-57.6200219736241	24.7660948547674	-22.8471228665704	-11.1393449906007	all_eligible_genes
GSM1045215	-7.09583693313873	36.7104703222627	-19.146692470607	31.4248165487018	-10.216087644412	-27.5050666513242	-0.372529741971273	-22.4483635645938	14.0807122024235	-21.5163414224653	all_eligible_genes
GSM1045216	-3.63967855082753	30.5763919376395	-75.9458242942823	19.6986177546481	-9.23551073450677	-10.604050733812	-13.5813441920015	7.6464389314726	6.53517222368734	6.31149687579504	all_eligible_genes
GSM1045217	68.2205044395884	-121.284503370194	26.1007906904391	-15.0371257000325	2.64418875567318	-20.4382339178533	2.2484366769152	-25.8848781266691	-48.6537669013069	6.01712756201175	all_eligible_genes
GSM1045218	20.5681604421064	25.8517269120391	-56.4605409968176	-49.2131669255314	52.5515617293885	20.2421897794215	-4.10645209231077	35.2271175882489	12.819658829418	28.6172914676314	all_eligible_genes
GSM1045219	13.8157346222802	18.5224349905946	-44.1609408014062	-3.71516721616122	38.3456794898087	15.629113545386	-2.58034376437587	33.6639488772639	9.50718364377506	26.3803067088405	all_eligible_genes
GSM1045220	10.3253145841946	36.7753091118181	-7.91850147791582	37.9088163176416	22.8803414774935	7.18627674380124	21.3699603647682	11.0065808910993	-14.0427673967331	15.7999658888143	all_eligible_genes
GSM1045221	45.1592579446106	-69.572815793534	-42.711866878977	-26.9157271372988	20.4045889684124	-2.76918035166806	-0.627138408444239	-20.4311407966109	11.7922326394947	-1.73948329201236	all_eligible_genes
GSM1045222	18.8947143406213	-4.53664472617138	-6.71508800373099	27.6842614045084	13.1507800144522	-4.54131962896371	8.26239385526141	18.6278645177685	-10.4209884426947	18.1578712568677	all_eligible_genes
GSM1045223	-45.9415082510167	28.4542413702648	24.3079197213842	1.027766536035	9.02448536586072	-21.831117634437	-3.47322315321779	19.9750478065309	4.71162797466039	11.8562970838262	all_eligible_genes
GSM1045224	33.2548277783979	-6.1611341859963	-35.24080935634	-48.3278053338916	-58.3284878520535	-54.433873768137	-32.2541552247839	20.7792237182637	-3.55878979105825	8.18710198647895	all_eligible_genes
GSM1045225	31.233983762896	-24.6950559490283	-42.8901651676535	-9.1888064574935	31.0231468507673	7.80932317774364	-3.19481813033553	-15.8940316432924	0.763880009980567	-18.6736887477399	all_eligible_genes
GSM1045226	7.31128176965955	10.1562714064053	40.8405281597464	11.0789504548238	-12.0734759474145	-10.9335366208598	-5.44172394985737	-1.53805752389489	12.9465276689456	1.15835012497461	all_eligible_genes
GSM1045227	37.2315620801004	15.8186529509026	-34.0493008141477	-34.817636457207	-8.94939355368768	-5.96707588479926	17.1567785864252	5.7746870499825	-24.3177149339721	-11.6582269871756	all_eligible_genes
GSM1045228	26.1479005873227	0.0545379683073028	40.3025611516809	-10.7610364210198	-11.3262573508176	-12.5655379538063	-1.9320402001052	-6.65813111043701	-8.30342206469014	10.076249416745	all_eligible_genes
GSM1045229	6.26066179278735	2.44175761497293	-43.6265195883207	2.81036876067612	-2.56987731305067	-35.3624845174659	4.6728269302585	-2.57225677828808	3.14548995297358	4.13092875965526	all_eligible_genes
GSM1045230	4.22755649953027	56.6121010178371	0.0143739838539204	25.6015195850947	-2.39810334969217	12.8485680098108	8.62205175274091	1.94636088219475	6.67940424697833	17.2643874777145	all_eligible_genes
GSM1045231	27.8190883755091	39.4126551987493	-45.6311689620446	17.1054433385129	-28.3545299966964	-28.2912871910263	8.83050816111643	-9.16678818109634	-31.8774085939753	13.4430853096717	all_eligible_genes
GSM1045232	29.1994680611382	5.83846453134389	2.47749669470131	0.682187658345965	-19.4382298772116	19.0745055756254	25.7353723235688	13.7547270530695	2.77895598333849	5.14056968450778	all_eligible_genes
GSM1045233	18.8498866292881	3.82727621306693	12.2548086985263	13.5910330425162	3.54875496022789	-15.5360626501397	9.50928964654174	0.848750598338486	7.62687160417191	-13.8084447643742	all_eligible_genes
GSM1045234	11.2949924623463	41.3990191733746	-13.8002098709676	-0.729466342390777	27.6885053756887	8.89514792191084	52.9127438276024	-4.61303239824892	-3.15318163331241	-9.63964745256346	all_eligible_genes
GSM1045235	20.910645071381	39.8849213771492	8.76395901634091	11.0482269497041	-14.9838203877769	-10.3850468841351	-4.31422692500196	7.52445758957032	-9.63288951598631	-19.5972825095591	all_eligible_genes
GSM1045236	-15.6646260269188	15.8488488141667	16.975155587251	21.7781045416965	2.87412373356668	-49.0457114853372	-27.6906101276984	0.324261989277212	10.2042451306809	-3.27373207677786	all_eligible_genes
GSM1045237	13.1491801552334	14.5172940410237	-23.5150834819068	23.8934004954733	-15.2524304365461	-17.346614972724	12.7270834044125	33.0957678285434	-9.53141987938766	19.3297767683826	all_eligible_genes
GSM1045238	20.8339497079827	14.490633935207	22.4126182786691	-28.0577115797998	-25.563812871302	21.1452774534149	9.84658788393372	42.1386805685087	27.5513067615308	-22.4230508673067	all_eligible_genes
GSM1045239	-9.19503208591074	19.8585058964763	-23.4893272403384	6.57531214001996	-5.37975950099044	-33.0663827389733	4.41684495411919	23.1185782079049	-4.25094173761785	0.0391183538693721	all_eligible_genes
GSM1045240	-0.136025117082388	-16.158990156469	23.1129486630466	33.1304883165054	4.95188651456135	-15.0906389227358	-16.1314191037704	-1.71915818894197	9.98813679593246	-9.97076641729656	all_eligible_genes
GSM1045241	16.0520119494202	-4.02453033866886	2.83342397599217	20.9098947730067	-25.3422939758113	6.90147829732565	-13.8519743800956	21.9090137513181	5.86439214167903	-21.0009567832487	all_eligible_genes
GSM1045242	40.5999831746707	-18.786648890474	-8.28508241347784	-22.0305880049407	14.9681293954796	-15.5743747392758	21.5140409205717	26.1092493866654	-28.8463248599545	7.27013598763575	all_eligible_genes
GSM1045243	23.2611705471941	-56.9599130269844	20.1479221450717	3.42672103274798	16.0396227766243	-15.4162818905295	1.85456304913358	11.904451118271	-4.51770584471745	17.8568665311797	all_eligible_genes
GSM1045244	44.8557305916491	-25.9559804301355	23.0155415339807	7.17076402036172	-7.65469705664702	-10.8912645867186	-5.49197886444181	-8.97289444709766	-3.09925328734769	-8.58023313904894	all_eligible_genes
GSM1045245	7.23472952779771	4.73097683088436	4.53429538322028	25.7972565120475	14.3410589670605	-4.34645122263451	42.2274411662491	-7.55770224004601	-4.16303866348918	2.93045981450679	all_eligible_genes
GSM1045246	17.9244005903037	12.1785951769797	19.6200756684966	-16.8772124971528	-4.9557603260511	-25.5115162861643	5.26217764136397	6.68207745256517	7.64403244727204	-0.441221893528762	all_eligible_genes
GSM1045247	16.509845438392	51.4120492052573	43.0481770603622	0.784001565112535	-21.0359427804512	54.2705049387791	-27.4557910647988	-44.7897641719303	6.70024780174587	45.079063054186	all_eligible_genes
GSM1045248	20.6507861301823	18.2455879660543	-78.2979235181629	-60.3935525543977	-5.14739777944505	0.780916724972648	17.0384426240747	-30.3879292514565	20.3216283485951	-5.42553819907203	all_eligible_genes
GSM1045249	22.0642504575104	27.9566538505841	40.9543469673845	-8.05336855798604	-14.3302577714706	27.5263021205517	-13.2235231989477	-20.4388259383929	14.8357125414282	27.0711370422057	all_eligible_genes
GSM1045250	51.8706659377483	-28.2231355490871	-34.7955523698539	-38.0519093131235	19.4422138241011	0.239176110248902	30.1835155878972	14.0161619210069	-24.8292773336584	32.3145514585905	all_eligible_genes
GSM1045251	-1.46882992230857	20.954850359885	47.7897031402381	25.2260135737696	6.51509997797887	-10.4562409117028	-11.9363948485813	-17.6335230161774	-3.96180640454566	7.04522135410987	all_eligible_genes
GSM1045252	-58.3169275995557	0.844600696951195	-52.0549831166256	3.26883451856075	-54.4118305888058	-35.3658151880696	-1.10797827935055	-36.190923251227	25.2062807118869	-23.495506244313	all_eligible_genes
GSM1045253	30.580195001196	40.0137839283587	21.4353861352474	-48.6052022950789	-31.4199231683747	-4.72677225085131	-25.3521288069559	6.59600979826071	13.249724051196	4.02052356266171	all_eligible_genes
GSM1045254	31.4180627521913	28.3060637740955	29.7862245895643	-40.0649193082958	-25.4251553346798	13.5858225449201	-4.52137235425471	4.99579521676457	-2.65788096236572	-16.826152934035	all_eligible_genes
GSM1045255	31.377572811742	-29.0378980137543	32.0098056944479	12.5220611338192	-7.59642184110976	34.5328692597265	53.9518498055839	9.63972315160108	31.2014495366661	1.21794820554601	all_eligible_genes
GSM1045256	2.00368594694559	5.73521253856043	29.287874793409	11.000747884813	-4.39147797011769	23.5436533201451	52.3200676671646	15.0472394942208	22.8315555706649	5.70465592876157	all_eligible_genes
GSM1045257	41.7625888367095	16.1600964318071	46.048820890043	-34.5932227865286	-13.7675736019892	33.1161663332483	-19.0177521409316	9.38567636220677	-11.5240271367699	-40.1746155123649	all_eligible_genes
GSM1045258	0.250293091290467	24.5027916052896	-20.1839034550895	15.1206398291035	-21.1411127189344	-21.6564966498166	2.52658316734748	14.6759731240319	-0.674982949681209	5.561226779845	all_eligible_genes
GSM1045259	29.5499175066544	-23.6059594854643	10.0330667630501	-14.9984616685916	14.4195506789325	-3.75493090418222	-17.4624432619649	0.645333748015374	6.16767887823553	6.89610191481003	all_eligible_genes
GSM1045260	21.5156459308727	29.4492856027297	31.2776617958983	-36.7743456609143	-22.533883122282	6.38314364902756	-27.4993480011776	-1.06659069551224	3.93428767285986	6.05524579038468	all_eligible_genes
GSM1045261	10.694225084964	29.6100185763943	-49.0814241172453	-22.5898977056342	45.1600212377168	41.4395080404182	2.38619722409055	8.08320980882968	-3.64939904899686	-26.5012531978117	all_eligible_genes
GSM1045262	19.6931756428414	43.1100416165344	34.9127800982944	-38.0293155756446	-19.6977898169998	19.0622779232576	-30.8056959164958	-22.9230118404135	4.12764739400045	46.3184992571692	all_eligible_genes
GSM1045263	38.3626232399981	2.94796377558592	3.57668218366141	-0.819997194371575	3.56505069476256	-23.1661104999673	19.5572922634959	8.47124552086822	-25.9357526479665	3.77640478103895	all_eligible_genes
GSM1045264	26.799976945405	-0.189683020922168	-75.5384233837837	-35.663207061354	7.60143258923736	-7.02103658934279	-5.07369169859889	-16.6762470511862	5.42151130094419	-0.903337728745231	all_eligible_genes
GSM1045265	-4.87806316186492	31.6665953205658	32.5742860572878	-8.64771576521736	0.400701379142416	-16.9408370837453	-6.34806333527484	11.3483212054988	-9.73534157251887	5.39632688209863	all_eligible_genes
GSM1045266	-4.7675515277714	-18.078358344713	-67.6973646947487	67.0958602905724	-64.4623913064278	47.0228240732623	-50.820986722854	22.7260739506205	-19.8455798971661	-10.6840520975813	all_eligible_genes
GSM1045267	2.64620023859984	3.26737586838679	46.3620302611992	28.2238294179372	17.2603160904652	-4.60599913896525	-20.6124966632857	-10.7771752657167	-5.22943501165405	6.91489737302984	all_eligible_genes
GSM1045268	5.31164814675683	50.5379847217227	0.698174025807367	8.93632514755353	-20.5848615289216	3.75345581502671	20.6860377348902	-13.3668829308271	12.9168559195549	-19.2160609961842	all_eligible_genes
GSM1045269	-3.25131628329165	2.11192839135987	-46.0023465117912	37.5657718168024	-18.7398735175482	-29.5206033103385	-9.54972984073696	-8.54194359085307	-8.75890302104325	4.48153192830283	all_eligible_genes
GSM1045270	12.9231414065201	41.9706811625843	-80.317224984458	-49.2189334573152	22.5962611452622	4.51640685529515	-4.10761407332488	-9.99644395484705	6.70606232500219	9.42259478467076	all_eligible_genes
GSM1045271	18.512094093417	47.7660909667219	-21.0434739613263	24.9024939882702	-16.4282008631802	-14.8017421045932	15.7089790502206	4.52186471256172	-13.316157523573	3.8526533400285	all_eligible_genes
GSM1045272	17.5551391759667	61.6946260141555	24.2735546395363	-22.3235217347825	-19.6304700302049	-0.477010673661171	-9.66473919290025	-23.9497601665183	10.0853903116742	15.6307613616633	all_eligible_genes
GSM1045273	18.4784852061122	45.2113570035904	18.5697177323124	-19.4358835353974	-20.4316556428267	27.5996299821689	29.6889146603449	8.22776220274078	5.71581658203011	-6.63568018158575	all_eligible_genes
GSM1045274	54.7420558229515	-17.3915797383374	-0.292645570208523	11.7458940822446	17.0950354179496	29.7737017018756	18.8935378478596	-14.5565298654917	-65.7658914742262	-15.0539081624964	all_eligible_genes
GSM1045275	20.8256384146829	24.2212010573316	-45.8540938628122	10.8122684187403	30.1337485303205	7.0861323574964	3.23322401101359	-5.81785719378735	-9.2316704338095	3.98167041084691	all_eligible_genes
GSM1045276	27.4645787610847	-15.5674710024188	17.6004519777006	-13.5356525165425	-10.0687540380232	-0.271610264884928	24.8064610786707	7.96877723728938	13.291614154523	-25.2976839300031	all_eligible_genes
GSM1045277	23.509242155714	38.6945638143561	-8.47250957298625	1.70576623674412	-3.07123629863876	0.287946635952852	25.5622517127281	-1.52061961849449	-5.56716304153402	-5.41590482458936	all_eligible_genes
GSM1045278	-9.83504842111238	-18.0773439191451	7.590810630509	12.2175375324614	-6.49170644559427	-20.4919703257275	4.31020971554648	8.32200872806018	11.1618684664819	-10.5316307564757	all_eligible_genes
GSM1045279	-17.5961480864833	4.60147890218613	44.9641440307333	12.3380540796119	17.5889171264778	-14.4159208320432	-17.4785537901682	14.0492392052865	7.17089321061301	-7.53637455339103	all_eligible_genes
GSM1045280	-24.4112794926538	-1.33877395449885	25.9316246167071	41.9837098785595	28.7757417753162	-15.5276439309595	-21.8075496322935	14.2360736354242	22.2386118690458	1.91109780377625	all_eligible_genes
GSM1045281	28.5980049492597	35.5155061195017	-1.68692643760285	30.7107472338719	-15.2612521876807	24.4786586550909	13.9763688984225	-12.7704122778871	-25.4169980305084	-2.57697009823545	all_eligible_genes
GSM1045282	34.6371459426828	-48.3810712135363	-21.2880378320224	-12.2553702722211	65.832411467149	14.6601884706088	-37.8839312223849	-13.7422873638668	-3.82752655237271	-13.145196513262	all_eligible_genes
GSM1045283	10.0283121866383	17.1928525689119	-18.7920283822502	36.5995153039768	11.6689018215011	-18.4706605658523	7.11977264118459	-8.26763832087999	-23.6006359657203	6.65436121942645	all_eligible_genes
GSM1045284	34.2739621688545	22.4181022691344	34.2045127825575	-11.2112642632647	1.57680837362209	30.9305843757155	7.71314627416078	-0.222254620826189	-22.5258406499736	-25.7725320268859	all_eligible_genes
GSM1045285	14.0999281966025	-40.110623575871	-30.2946018185785	13.5857791057647	9.60019471957855	20.2962121921959	5.89333451106073	3.19115443859041	24.4854620639037	12.9780227517179	all_eligible_genes
GSM1045286	15.7534303928695	10.7384827059013	19.1560571116608	29.8902752817162	5.29481925502216	-23.1909699698003	11.4374565125782	-21.5574525736044	-20.8569765208859	0.873850599823723	all_eligible_genes
GSM1045287	0.640963828148993	8.39436528683253	-12.3545533857365	3.9068347679583	65.6626139048555	11.2266284804236	-36.9759450712157	-3.11105834402877	18.9809863293208	-11.9267796724258	all_eligible_genes
GSM1045288	41.5072390139213	-113.935750627562	33.7971560975485	13.8205735525884	-1.66996115866986	3.70270205895352	16.3520541931381	-13.2170409465432	37.2954870567217	-8.51789184346035	all_eligible_genes
GSM1045289	-11.4972218585614	23.874602446631	9.06309245926863	48.2341206360917	40.5703005581188	-0.386563881422103	-18.5225667592702	6.28025062781114	13.9011246737672	9.91163753001297	all_eligible_genes
GSM1045290	-14.8378167055348	16.3292585264151	-10.2556079526325	56.4044327908324	-6.29685038833623	-6.48098684906863	26.3220174928846	-43.3002462101773	2.3750197563786	-4.29368062944227	all_eligible_genes
GSM1045291	16.1873453085442	32.9257590272234	30.2011552885732	-14.5912923183587	-8.95798441265292	28.4868971326212	11.8171138384294	12.8126702379942	-0.489381711284538	-23.0722749371206	all_eligible_genes
GSM1045292	17.6649670872785	17.332856823643	28.9117607808426	1.64342555030915	-0.666068279086269	-17.0638100924252	-5.41717383275614	12.896857963567	-9.71098273340695	5.92412553302523	all_eligible_genes
GSM1045293	28.5231500886514	-40.129546613838	-33.5270071219682	-28.6066135484424	34.9840603105379	1.67152042533267	-23.1058960933417	7.64195389581449	7.99232571439894	-12.971521336285	all_eligible_genes
GSM1045294	11.9622881060016	-1.74253764211565	-8.47803925004019	30.3684827984694	83.6191665800246	25.5819350198558	-43.7747586619083	-12.7064661800332	-2.94419039723969	-16.4684331125574	all_eligible_genes
GSM1045295	-17.9514233844553	-0.762350084380666	34.345884968973	23.855590281613	17.2001355826866	-15.4708949891	1.74045252626017	13.6333480100025	14.0084617020035	0.7665791600969	all_eligible_genes
GSM1045296	12.5303096266941	29.8846187731468	-56.8782686635251	3.48742919330544	51.6608264563334	30.0773725246023	-1.89544482863581	-10.0339741258767	15.3292855399553	-22.3094829216424	all_eligible_genes
GSM1045297	29.8651818887486	33.0162058094023	30.3565157125724	-17.8001246895123	-19.2159232525701	43.9635179779187	-22.8204829799112	-26.9018268832126	-5.83449032038328	33.5705486879435	all_eligible_genes
GSM1045298	3.5860049516597	17.788424965947	-77.9348584187398	25.8804257259207	-28.0352010829398	-18.0177455111829	-0.243048279921624	-16.096014282282	1.70845566200867	8.47398527213387	all_eligible_genes
GSM1045299	37.8999339089903	2.86960727245731	34.3166905467358	-5.55608443174203	-1.89075317294566	-1.62437095309628	-2.59833728538264	-13.7818911909074	-3.64081789054183	-2.8186583143058	all_eligible_genes
GSM1045300	52.3115092372586	-4.7007627604052	38.7273135628822	-22.5265551350569	7.82936708248728	5.78088465995757	-7.71012872781888	2.9047231401834	-19.9876530841047	5.34252228444185	all_eligible_genes
GSM1045301	23.1647353273947	-80.3727392050476	44.5239410881653	10.6790938931555	-3.9856987202256	-12.9074336704102	-0.67026608695266	-7.07611403521375	11.746681984342	5.19259315741166	all_eligible_genes
GSM1045302	63.8312724138547	-145.806645469135	6.26569303181868	-26.3938394993937	0.0517771790270897	-12.0396068745917	9.81642351588702	-13.9126802491337	-35.1208482073412	8.20820092365099	all_eligible_genes
GSM1045303	12.7115503949083	7.4990830903134	5.74628432582916	31.5130080044017	6.32008807178058	3.76463475533281	-2.90388247964233	-5.48352825796021	1.59371414901681	-15.5206903787308	all_eligible_genes
GSM1045304	12.9018109883708	26.7243425988598	26.9313155958865	6.66238826756138	-3.20514818008518	-12.2640904518059	-12.535846774311	5.87802576660976	5.84254483685293	-24.6479943156826	all_eligible_genes
GSM1045305	44.932702257164	0.336876673285977	34.8868100755159	-63.0386340175568	-29.3665828560593	3.91676922003261	-17.0497653039427	25.490451857286	3.14914014777654	-15.6109910756479	all_eligible_genes
GSM1045306	10.2455333479699	-1.02905735169142	-19.5862238322315	26.1129967582299	-13.5743352368294	10.7504044868378	46.4880640411238	34.7627823791103	19.228992998517	11.596379411649	all_eligible_genes
GSM1045307	-6.32118114714998	21.0883133550147	22.2084226058119	25.8007916237996	18.4866944366697	-20.2272613152621	-10.5035023537197	9.33184692634844	7.2890797204235	-8.81798903229004	all_eligible_genes
GSM1045308	14.7609198151374	30.4561798427639	51.4664214574042	32.8897628969909	22.0160996564431	3.12660494547442	-5.43688407941048	-17.0161968922597	1.94109798762761	4.17020580279124	all_eligible_genes
GSM1045309	26.2850292439098	-8.08800998158809	29.0880468828461	11.4892049736662	0.344848802645817	-2.41255695159077	14.3407389792929	-29.9576329585237	9.74936169222398	-0.837043895606113	all_eligible_genes
GSM1045310	11.1969991871756	49.008179502147	36.003059910075	-20.4943531081717	-12.993448716974	14.4165000808	-2.31377275110599	-16.1452492421537	1.49737829448885	-10.8976325338862	all_eligible_genes
GSM1045311	5.68827373238089	24.7810013570694	23.5431764919404	-5.65235135204285	-0.21502265699915	-24.1488897332387	8.07034859213811	-4.01074414484405	6.21225451496799	4.26545884119645	all_eligible_genes
