gsm_id	tissue_group	processing_run_proxy	sample_median	sample_iqr	sample_mad	q01	q99	dynamic_range	sample_median_robust_z	sample_iqr_robust_z	sample_mad_robust_z	q01_robust_z	q99_robust_z	dynamic_range_robust_z	median_pearson_correlation	correlation_connectivity	median_correlation_robust_z	connectivity_robust_z	robust_pca_distance	robust_pca_cutoff	pca_distance_method	distribution_flag	correlation_flag	pca_flag	raw_evidence_flag	independent_signal_count	candidate_exclusion_review
GSM1045191	normal	2004-12-15	2.790573259	3.283846141	0.7083293733642	2.312811642	11.5764523188	12.948445428	-0.0344643596729346	0.000523792851975234	-0.0344643596729344	0	0.661751922735817	-0.777706317488599	0.886717571650759	106.7310059119	-1.07802599796325	-0.519158909669039	89.3301771241054	20.5150056524329	MASS_cov.rob_mve	FALSE	FALSE	TRUE	FALSE	1	FALSE
GSM1045192	normal	2004-12-14	3.110262433	2.6347446925	1.1823005427366	2.312811642	11.201415545	13.188304778	6.55632152799819	-4.30767837815919	6.55632152799818	0	-1.00006477631671	0.708800236823754	0.853647998520534	102.230128401383	-2.66932193630529	-2.28477155147493	54.6335512073029	20.5150056524329	MASS_cov.rob_mve	TRUE	FALSE	TRUE	FALSE	2	TRUE
GSM1045193	normal	2004-12-15	3.178931981	2.5926563475	1.2841100146014	2.312811642	11.1825619964	13.291100298	7.97202879830805	-4.58702623622096	7.97202879830804	0	-1.08360629567884	1.34586614329746	0.787279977125084	94.3895828281905	-5.86292720198226	-5.36047542262811	65.7276576978177	20.5150056524329	MASS_cov.rob_mve	TRUE	TRUE	TRUE	FALSE	3	TRUE
GSM1045194	normal	2004-12-14	3.105460617	2.6716803665	1.175181370335	2.312811642	11.0637620958	13.234185228	6.4573261796978	-4.06252971721831	6.45732617969779	0	-1.61001776371305	0.993140162033247	0.884850719065791	105.800024353557	-1.1678582714022	-0.884366095347442	11.5167962138578	20.5150056524329	MASS_cov.rob_mve	TRUE	FALSE	FALSE	FALSE	1	FALSE
GSM1045195	normal	2004-12-15	2.768904441	3.239039291	0.6762031837974	2.312811642	11.6386292992	13.023334608	-0.481193718975269	-0.296867268117389	-0.481193718975269	0	0.937262890042965	-0.313587420655605	0.868715239882835	105.06704732114	-1.94429171328332	-1.17189969553192	135.848363962597	20.5150056524329	MASS_cov.rob_mve	FALSE	FALSE	TRUE	FALSE	1	FALSE
GSM1045196	normal	2005-01-26	2.765417903	3.3426366975	0.6710340425586	2.312811642	11.8601087482	13.183400038	-0.55307299208206	0.390727209796368	-0.55307299208206	0	1.91865530955404	0.678403555780473	0.850791368003795	103.11125334749	-2.80678196703293	-1.93912221082507	178.723427942515	20.5150056524329	MASS_cov.rob_mve	FALSE	FALSE	TRUE	FALSE	1	FALSE
GSM1045197	normal	2005-01-25	2.780233034	3.1255704585	0.692998955779201	2.312811642	11.8104735334	13.059952638	-0.247640827779867	-1.04998016233181	-0.247640827779867	0	1.69871786720679	-0.0866505028285309	0.863401794553861	104.356332015574	-2.19997278716061	-1.45070042390122	145.430141452466	20.5150056524329	MASS_cov.rob_mve	FALSE	FALSE	TRUE	FALSE	1	FALSE
GSM1045198	normal	2005-01-25	2.776030763	3.1276931395	0.6867686687946	2.312811642	11.710384785	13.056207318	-0.33427581781231	-1.0358915496601	-0.334275817812309	0	1.2552169491686	-0.109861783639545	0.865057623672928	104.464070570029	-2.12029488683256	-1.40843654239993	144.424182817347	20.5150056524329	MASS_cov.rob_mve	FALSE	FALSE	TRUE	FALSE	1	FALSE
GSM1045199	normal	2005-01-25	2.753985517	3.239292503	0.654084387075	2.312811642	11.8441842364	13.064424368	-0.78876570375083	-0.2951866548779	-0.788765703750829	0	1.84809257682419	-0.0589373619644538	0.85197278399249	102.846855011652	-2.74993265552533	-2.0428408841585	169.038175260049	20.5150056524329	MASS_cov.rob_mve	FALSE	FALSE	TRUE	FALSE	1	FALSE
GSM1045200	normal	2005-01-25	2.815898517	3.158187188	0.745876600875	2.312811642	11.63717424	13.119812408	0.487647011630589	-0.833497106920502	0.487647011630588	0	0.930815411167309	0.284324989453209	0.88710570462507	106.51653489994	-1.05934917915083	-0.603291999079568	63.034591033722	20.5150056524329	MASS_cov.rob_mve	FALSE	FALSE	TRUE	FALSE	1	FALSE
GSM1045201	normal	2005-01-25	2.846819339	3.0854222405	0.7917198115722	2.312811642	11.2905916188	12.877078818	1.12511782342852	-1.31645105120371	1.12511782342852	0	-0.604918756113966	-1.21999440642093	0.898925986011682	107.793082308742	-0.490561499718006	-0.102525595732838	53.1322309863989	20.5150056524329	MASS_cov.rob_mve	FALSE	FALSE	TRUE	FALSE	1	FALSE
GSM1045202	normal	2005-01-25	2.742207671	3.3656149335	0.6366225525954	2.312811642	11.8606185002	12.997427948	-1.03158049861142	0.543237863485362	-1.03158049861142	0	1.92091405974907	-0.474141594967935	0.871734712834216	104.936951042565	-1.79899576330098	-1.22293410683678	121.374774473406	20.5150056524329	MASS_cov.rob_mve	FALSE	FALSE	TRUE	FALSE	1	FALSE
GSM1045203	normal	2004-12-22	2.91562371	2.97980989	0.893729172016801	2.312811642	11.346640153	13.033913528	2.54360463586243	-2.01741907209034	2.54360463586243	0	-0.356563403791489	-0.248025523995984	0.867097524640914	104.707258373837	-2.02213558758209	-1.31303837621272	118.064132576793	20.5150056524329	MASS_cov.rob_mve	FALSE	FALSE	TRUE	FALSE	1	FALSE
GSM1045204	normal	2004-12-14	2.77273412	3.2912100145	0.6818810658828	2.312811642	11.8031019384	13.217399248	-0.40224017171655	0.0493991356401772	-0.40224017171655	0	1.66605376457628	0.889110574316297	0.850245631457868	102.923786184763	-2.83304261289969	-2.01266217978882	162.824822289485	20.5150056524329	MASS_cov.rob_mve	FALSE	FALSE	TRUE	FALSE	1	FALSE
GSM1045205	normal	2004-12-21	2.765167614	3.286922504	0.670662964087201	2.312811642	11.806370233	13.110306118	-0.558233007944961	0.0209421631792109	-0.55823300794496	0	1.68053582853137	0.22541061987707	0.858031462315478	103.725368944718	-2.45839123861242	-1.69821579658387	156.38253466937	20.5150056524329	MASS_cov.rob_mve	FALSE	FALSE	TRUE	FALSE	1	FALSE
GSM1045206	normal	2005-01-25	2.849768589	2.979128083	0.7960923696222	2.312811642	11.5604489264	13.263710708	1.18592024296624	-2.02194434684422	1.18592024296624	0	0.590839664019672	1.1761216448865	0.849893494584754	102.889152833133	-2.84998731229818	-2.02624821569476	169.64504587965	20.5150056524329	MASS_cov.rob_mve	FALSE	FALSE	TRUE	FALSE	1	FALSE
GSM1045207	normal	2005-01-25	2.77559316	3.135844564	0.6861198785868	2.312811642	11.730534997	13.202808158	-0.343297542385323	-0.981789090315894	-0.343297542385323	0	1.3445040834721	0.798683618187378	0.847045894885246	102.743760450065	-2.98701278335601	-2.08328301145808	185.532869376444	20.5150056524329	MASS_cov.rob_mve	FALSE	FALSE	TRUE	FALSE	1	FALSE
GSM1045208	cancer	2004-12-21	2.795347681	3.266223724	0.7154079314214	2.312811642	11.3589220172	12.993253038	0.0639662275930179	-0.116439334180493	0.0639662275930177	0	-0.302141521861748	-0.500015220818517	0.92360893668876	109.79388462165	0.697173189328591	0.682352875003106	4.63727277269972	20.5150056524329	MASS_cov.rob_mve	FALSE	FALSE	FALSE	FALSE	0	FALSE
GSM1045209	cancer	2004-12-22	2.854756857	3.139353616	0.803487975759	2.312811642	11.1430311794	13.308442218	1.28875952878554	-0.958498885865531	1.28875952878554	0	-1.25877037666256	1.45334111871268	0.913609609994182	108.440081092638	0.216009193271594	0.151280296431673	3.74281474327194	20.5150056524329	MASS_cov.rob_mve	FALSE	FALSE	FALSE	FALSE	0	FALSE
GSM1045210	cancer	2004-12-14	2.858913271	3.174421172	0.8096502751554	2.312811642	11.181568311	12.989291558	1.37444912030896	-0.725749257528725	1.37444912030895	0	-1.08800939187284	-0.524566133612947	0.924400990376236	109.663764747436	0.735286527256055	0.631309207556903	2.66786238587786	20.5150056524329	MASS_cov.rob_mve	FALSE	FALSE	FALSE	FALSE	0	FALSE
GSM1045211	cancer	2004-12-21	3.04456986	2.833630439	1.0849047340068	2.312811642	10.9623567178	13.138337878	5.20198826223298	-2.98763817976719	5.20198826223297	0	-2.05935276845581	0.399134908585888	0.902905106438348	107.427943080435	-0.299087659151848	-0.245763094645456	5.39116757245284	20.5150056524329	MASS_cov.rob_mve	TRUE	FALSE	FALSE	FALSE	1	FALSE
GSM1045212	cancer	2004-12-15	2.762917006	3.226472942	0.6673262126664	2.312811642	11.6443128552	13.574406708	-0.60463206256256	-0.380272369382518	-0.60463206256256	0	0.962447162441374	3.10163190912523	0.884460551499411	105.514493661005	-1.1866329940516	-0.996374609068485	10.4231073688195	20.5150056524329	MASS_cov.rob_mve	TRUE	FALSE	FALSE	FALSE	1	FALSE
GSM1045213	cancer	2004-12-20	2.887663729	3.2034642825	0.8522757041862	2.312811642	11.0239007704	12.941117098	1.96717520633675	-0.532984949271266	1.96717520633675	0	-1.78664635275755	-0.82312297761531	0.914345143005797	109.362245146354	0.251402776650806	0.513028534914912	4.64047154384107	20.5150056524329	MASS_cov.rob_mve	FALSE	FALSE	FALSE	FALSE	0	FALSE
GSM1045214	cancer	2004-12-22	2.838369604	3.2742198235	0.7791922344612	2.312811642	11.2963418708	12.906695598	0.950916134032056	-0.0633677945850551	0.950916134032055	0	-0.579438948625897	-1.03644710010318	0.861363486459836	103.549328589197	-2.29805543789026	-1.76727323626118	37.7782989297843	20.5150056524329	MASS_cov.rob_mve	FALSE	FALSE	TRUE	FALSE	1	FALSE
GSM1045215	cancer	2004-12-15	2.760471795	3.466460429	0.6637009428378	2.312811642	11.5101208702	13.067795968	-0.655043097598666	1.21256741690693	-0.655043097598666	0	0.367832188308368	-0.0380421769382344	0.923681539586947	110.193499485303	0.700666814617936	0.839114540582779	4.07810372181701	20.5150056524329	MASS_cov.rob_mve	FALSE	FALSE	FALSE	FALSE	0	FALSE
GSM1045216	cancer	2004-12-14	2.758072404	3.4470555965	0.6601436057412	2.312811642	11.6328575854	13.025028478	-0.704509496926299	1.08377408005982	-0.704509496926298	0	0.911687983673638	-0.303089815049857	0.904455185599914	108.252655849804	-0.224498408658814	0.0777567718815925	7.42033368349475	20.5150056524329	MASS_cov.rob_mve	FALSE	FALSE	FALSE	FALSE	0	FALSE
GSM1045217	cancer	2004-12-09	3.121207192	2.753850745	1.19852724243	2.312811642	10.7116118258	13.623854648	6.78196120874997	-3.51715024862434	6.78196120874996	0	-3.17042260970287	3.40808102985887	0.826133831828794	98.1434578428127	-3.99329371940078	-3.88789831603304	22.1635730236666	20.5150056524329	MASS_cov.rob_mve	TRUE	TRUE	TRUE	FALSE	3	TRUE
GSM1045218	cancer	2004-12-10	2.758486888	3.2147602055	0.660758119719601	2.312811642	11.6684722226	13.107521208	-0.695964398999815	-0.45801189212491	-0.695964398999815	0	1.06949917170723	0.208151392883537	0.886320956087427	105.565619542847	-1.09711099590168	-0.976318852587016	13.1992449604152	20.5150056524329	MASS_cov.rob_mve	FALSE	FALSE	FALSE	FALSE	0	FALSE
GSM1045219	cancer	2004-12-10	2.767567708	3.283521286	0.6742213434516	2.312811642	11.5265823696	13.030968048	-0.508752115406874	-0.00163232776598488	-0.508752115406874	0	0.440774354265008	-0.266279868992729	0.914649421098552	108.917324445745	0.266044528790187	0.338494210939305	3.86075069731598	20.5150056524329	MASS_cov.rob_mve	FALSE	FALSE	FALSE	FALSE	0	FALSE
GSM1045220	cancer	2004-12-07	2.768347509	3.4045154175	0.6753774764142	2.312811642	11.6353461054	13.188580868	-0.492675557787847	0.801427319092755	-0.492675557787847	0	0.922714806590294	0.710511279543498	0.923421500131349	109.80522823132	0.688153809751773	0.686802767405383	4.88521100363452	20.5150056524329	MASS_cov.rob_mve	FALSE	FALSE	FALSE	FALSE	0	FALSE
GSM1045221	cancer	2004-12-10	3.042142994	2.873180195	1.0813066624752	2.312811642	11.1050517404	13.236714638	5.15195543195619	-2.72513939000804	5.15195543195618	0	-1.42706018278303	1.00881595096349	0.872977848433027	104.193415399707	-1.73917652640289	-1.51460965845863	9.39354792960267	20.5150056524329	MASS_cov.rob_mve	TRUE	FALSE	FALSE	FALSE	1	FALSE
GSM1045222	cancer	2004-12-20	2.839508894	3.271963196	0.780881345815201	2.312811642	11.2886928462	13.008437008	0.974403999948862	-0.0783454340852163	0.97440399994886	0	-0.613332363084803	-0.405913944693652	0.924386403461584	110.425982563216	0.734584610181185	0.930313436889134	2.40089060221732	20.5150056524329	MASS_cov.rob_mve	FALSE	FALSE	FALSE	FALSE	0	FALSE
GSM1045223	cancer	2004-12-14	2.74922339	3.452115358	0.6470240575848	2.312811642	11.5125363242	13.081066098	-0.886942814455543	1.11735662024591	-0.886942814455543	0	0.378535250177005	0.0441982494682306	0.926057164841755	110.323634556133	0.814981045530844	0.890164169385676	17.893569262596	20.5150056524329	MASS_cov.rob_mve	FALSE	FALSE	FALSE	FALSE	0	FALSE
GSM1045224	cancer	2004-12-03	2.852707015	3.1305362965	0.8004488800098	2.312811642	11.4505371236	13.183528818	1.24649951241865	-1.01702100917951	1.24649951241865	0	0.103812038794163	0.679201658143651	0.874542073394222	104.344226515825	-1.66390658513085	-1.45544919196738	7.71891660750663	20.5150056524329	MASS_cov.rob_mve	FALSE	FALSE	FALSE	FALSE	0	FALSE
GSM1045225	cancer	2004-12-03	2.850304327	3.1553582825	0.796886654781	2.312811642	10.940862091	12.867807628	1.19696514137712	-0.852273057651856	1.19696514137712	0	-2.15459710781549	-1.27745176508248	0.902544365707012	107.185764713563	-0.316446373106472	-0.340765277024958	3.78374323945036	20.5150056524329	MASS_cov.rob_mve	FALSE	FALSE	FALSE	FALSE	0	FALSE
GSM1045226	cancer	2004-12-03	2.783957358	3.2923436925	0.6985206385416	2.312811642	11.2768428204	13.074015518	-0.170859303547478	0.0569235588749616	-0.170859303547478	0	-0.665840735954757	0.000502919760610034	0.931247123638457	110.372582650341	1.06471999198873	0.909365619264052	2.1537752835605	20.5150056524329	MASS_cov.rob_mve	FALSE	FALSE	FALSE	FALSE	0	FALSE
GSM1045227	cancer	2004-12-08	2.787746621	3.23145216	0.704138599865401	2.312811642	11.5518649744	13.156147978	-0.0927389818844238	-0.347224410782048	-0.0927389818844238	0	0.55280351456968	0.509511387063623	0.905595319802839	107.382832276182	-0.169635561801521	-0.263459245248247	3.25733490507181	20.5150056524329	MASS_cov.rob_mve	FALSE	FALSE	FALSE	FALSE	0	FALSE
GSM1045228	cancer	2004-12-20	2.809401584	3.274112326	0.736244248009201	2.312811642	11.2296397102	13.234025978	0.353704739536185	-0.0640812746796524	0.353704739536184	0	-0.875001336348157	0.992153224610239	0.922337976244421	109.234000935136	0.636015030893778	0.462720656054544	1.77361561744216	20.5150056524329	MASS_cov.rob_mve	FALSE	FALSE	FALSE	FALSE	0	FALSE
GSM1045229	cancer	2004-12-08	2.810575578	3.328883537	0.7379848115136	2.312811642	11.4479033154	13.649719478	0.377908071136675	0.299445028773217	0.377908071136675	0	0.0921414327239205	3.56837596654228	0.923137560966189	110.187048198839	0.674490759476595	0.836583817871601	2.72764655664676	20.5150056524329	MASS_cov.rob_mve	TRUE	FALSE	FALSE	FALSE	1	FALSE
GSM1045230	cancer	2004-12-10	2.749312243	3.468248478	0.6471557910426	2.312811642	11.7071968786	13.385576898	-0.885111000474641	1.22443501726659	-0.88511100047464	0	1.24109109149106	1.93137629801582	0.924796053170348	109.682196735534	0.754296806499275	0.638539742296935	3.47071190664812	20.5150056524329	MASS_cov.rob_mve	FALSE	FALSE	FALSE	FALSE	0	FALSE
GSM1045231	cancer	2004-12-15	2.751007518	3.4558366095	0.649669205757601	2.312811642	11.586507066	13.225004818	-0.850160819316102	1.142055230653	-0.850160819316101	0	0.706305278483876	0.936245404183394	0.91152384157968	108.423163831918	0.115642769028739	0.144643961778385	8.20878497141415	20.5150056524329	MASS_cov.rob_mve	FALSE	FALSE	FALSE	FALSE	0	FALSE
GSM1045232	cancer	2004-12-20	2.834034545	3.115888927	0.772765075987801	2.312811642	11.472939271	13.142912758	0.861543555905841	-1.11423821494192	0.86154355590584	0	0.203077671512645	0.427487312214065	0.916884106772489	108.655214576136	0.373576797876462	0.23567326141482	2.90976792737024	20.5150056524329	MASS_cov.rob_mve	FALSE	FALSE	FALSE	FALSE	0	FALSE
GSM1045233	cancer	2004-12-14	2.819811587	3.212286213	0.751678118457	2.312811642	11.2292401298	13.060513568	0.568319767016006	-0.474432221927276	0.568319767016005	0	-0.876771907736624	-0.0831741900581034	0.928668243524327	110.293366228904	0.940625210513125	0.878290453409913	0.71615972408506	20.5150056524329	MASS_cov.rob_mve	FALSE	FALSE	FALSE	FALSE	0	FALSE
GSM1045234	cancer	2004-12-14	2.748353654	3.385492014	0.645734586991201	2.312811642	11.6894100034	12.898016248	-0.904873492817515	0.675165594599439	-0.904873492817514	0	1.16227608374705	-1.0902365840744	0.905270716949111	107.650003461631	-0.185255334112361	-0.15865283328679	3.15531730222365	20.5150056524329	MASS_cov.rob_mve	FALSE	FALSE	FALSE	FALSE	0	FALSE
GSM1045235	cancer	2004-12-08	2.747118803	3.481345877	0.643903796898601	2.312811642	11.6161864728	13.088766028	-0.930331466393362	1.31136479216818	-0.93033146639336	0	0.837817005556581	0.0919178668721187	0.927959509522537	110.038716833893	0.906521185826404	0.778396112804653	2.76958269599256	20.5150056524329	MASS_cov.rob_mve	FALSE	FALSE	FALSE	FALSE	0	FALSE
GSM1045236	cancer	2004-12-09	2.787148173	3.454300251	0.7032513408606	2.312811642	11.4207841736	12.936570058	-0.105076724146872	1.13185814506576	-0.105076724146872	0	-0.0280255638363806	-0.851302845369968	0.919283466612702	110.220040926383	0.489033128483328	0.849526266694763	5.08374667930112	20.5150056524329	MASS_cov.rob_mve	FALSE	FALSE	FALSE	FALSE	0	FALSE
GSM1045237	cancer	2004-12-09	2.767912929	3.330203363	0.6747331681062	2.312811642	11.5827572846	12.929348238	-0.501634959494278	0.30820494950934	-0.501634959494278	0	0.689689709601983	-0.896059419437494	0.919858958672972	109.651608569095	0.516725598974225	0.626540559197946	2.39231345013565	20.5150056524329	MASS_cov.rob_mve	FALSE	FALSE	FALSE	FALSE	0	FALSE
GSM1045238	cancer	2004-12-09	2.798729238	3.184758025	0.7204214278296	2.312811642	11.595322751	13.023837478	0.133681188143904	-0.657141719155592	0.133681188143903	0	0.745368254623911	-0.310470929466218	0.906052589330369	107.690293645029	-0.147631916970032	-0.14284772484244	4.42962445610295	20.5150056524329	MASS_cov.rob_mve	FALSE	FALSE	FALSE	FALSE	0	FALSE
GSM1045239	cancer	2004-11-26	2.753660933	3.380540347	0.6536031588366	2.312811642	11.4762159832	12.929913418	-0.795457402502453	0.642300496903504	-0.795457402502453	0	0.217597034498791	-0.892556767677767	0.92396164666105	110.461692301012	0.714145466052761	0.944321719572163	3.74944603102975	20.5150056524329	MASS_cov.rob_mve	FALSE	FALSE	FALSE	FALSE	0	FALSE
GSM1045240	cancer	2004-12-21	2.876008957	3.18868618	0.834996339219	2.312811642	11.086690099	12.934024948	1.72689773350114	-0.631069853289049	1.72689773350114	0	-1.50842202362703	-0.867075933625431	0.916687905108063	109.753174326143	0.364135644509667	0.666382964195642	4.23306180134361	20.5150056524329	MASS_cov.rob_mve	FALSE	FALSE	FALSE	FALSE	0	FALSE
GSM1045241	cancer	2004-12-07	2.855752133	3.1678553715	0.804963571956601	2.312811642	11.3615129086	13.250392768	1.30927836879837	-0.76932764736886	1.30927836879837	0	-0.290661083422799	1.09358492034382	0.922919351213079	109.685585178786	0.663990584815671	0.639868967148578	4.05049410999642	20.5150056524329	MASS_cov.rob_mve	FALSE	FALSE	FALSE	FALSE	0	FALSE
GSM1045242	cancer	2004-12-21	2.868205797	3.1371237375	0.823427374203	2.312811642	11.3021874892	12.952332918	1.56602598372072	-0.973298987478297	1.56602598372071	0	-0.553536565307671	-0.753613951004557	0.90153562248415	107.129947055916	-0.364986733366025	-0.362661532087825	2.90713604056155	20.5150056524329	MASS_cov.rob_mve	FALSE	FALSE	FALSE	FALSE	0	FALSE
GSM1045243	cancer	2004-12-21	2.988164541	2.9013449035	1.0012782080574	2.312811642	10.7499389532	12.955155108	4.03912317110922	-2.53820519260947	4.03912317110922	0	-3.00059216962438	-0.736123684594202	0.908268117629103	108.580545855531	-0.0410214938728415	0.206382076142797	5.31662347351254	20.5150056524329	MASS_cov.rob_mve	TRUE	FALSE	FALSE	FALSE	1	FALSE
GSM1045244	cancer	2004-12-21	2.919135096	3.112450695	0.898935152900401	2.312811642	11.1587830018	13.174439118	2.61599618107931	-1.13705837441171	2.6159961810793	0	-1.18897284390444	0.622869067286827	0.916978008406424	108.794510449403	0.378095310652388	0.290316506919257	5.99206421195213	20.5150056524329	MASS_cov.rob_mve	FALSE	FALSE	FALSE	FALSE	0	FALSE
GSM1045245	cancer	2004-12-14	2.806522984	3.284496656	0.7319764356492	2.312811642	11.447134959	13.187673718	0.294358856724864	0.00484137701659656	0.294358856724863	0	0.0887367866050708	0.704889299742652	0.908787188212626	108.161856819221	-0.0160440045045549	0.0421379584641744	0.765704407435856	20.5150056524329	MASS_cov.rob_mve	FALSE	FALSE	FALSE	FALSE	0	FALSE
GSM1045246	cancer	2004-12-03	2.792244969	3.262082421	0.7108078506102	2.312811642	11.4116865792	12.992011828	0	-0.143925901367549	0	0	-0.0683377021419532	-0.507707507153312	0.927920213745764	110.080913366108	0.904630287213119	0.794949047325517	0.774751363661688	20.5150056524329	MASS_cov.rob_mve	FALSE	FALSE	FALSE	FALSE	0	FALSE
GSM1045247	cancer	2004-12-22	2.759579351	3.377534125	0.662377805363401	2.312811642	11.5395445848	13.303620008	-0.673441929336194	0.62234766491265	-0.673441929336194	0	0.498210923638766	1.42345590985479	0.889576142568795	105.802467975074	-0.940472595824701	-0.883407506931872	3.84150163138548	20.5150056524329	MASS_cov.rob_mve	FALSE	FALSE	FALSE	FALSE	0	FALSE
GSM1045248	cancer	2004-12-07	2.765270377	3.2370538075	0.670815320511	2.312811642	11.734972856	13.086261458	-0.556114422189622	-0.310045276493392	-0.556114422189621	0	1.36416857695502	0.076396021587651	0.862494746053716	102.901746456547	-2.24361963402118	-2.02130796556495	11.9129220616174	20.5150056524329	MASS_cov.rob_mve	FALSE	FALSE	FALSE	FALSE	0	FALSE
GSM1045249	cancer	2004-12-15	2.794007952	3.306332183	0.713421649206	2.312811642	11.3850268784	13.073565298	0.0363460649330694	0.149767667111872	0.036346064933069	0	-0.186468880405669	-0.00228727783177733	0.921019429555381	108.863751592647	0.572567039517498	0.317478552000244	2.04732335810382	20.5150056524329	MASS_cov.rob_mve	FALSE	FALSE	FALSE	FALSE	0	FALSE
GSM1045250	cancer	2004-12-08	2.920728271	3.0054589385	0.9012971941554	2.312811642	11.3746024982	13.300353358	2.6488414450437	-1.84718175912882	2.6488414450437	0	-0.232660108316714	1.40321114292931	0.885648921920399	105.235740416167	-1.12944903776896	-1.10572445293335	7.18682421702664	20.5150056524329	MASS_cov.rob_mve	FALSE	FALSE	FALSE	FALSE	0	FALSE
GSM1045251	cancer	2004-12-22	2.765649657	3.429210629	0.671377641039	2.312811642	11.3883801912	12.954231158	-0.548295098062377	0.965333845636087	-0.548295098062377	0	-0.171610094287891	-0.741849780870437	0.915750341817744	108.889225256375	0.319020436945627	0.327471408416745	3.77229167460526	20.5150056524329	MASS_cov.rob_mve	FALSE	FALSE	FALSE	FALSE	0	FALSE
GSM1045252	cancer	2004-12-10	2.763405164	3.279360915	0.6680499557172	2.312811642	11.723803677	13.179415498	-0.594568084426867	-0.0292454526724789	-0.594568084426866	0	1.31467708845688	0.653709730728755	0.88012940472452	105.364209979272	-1.39504621559838	-1.05532817261358	57.8671801936312	20.5150056524329	MASS_cov.rob_mve	FALSE	FALSE	TRUE	FALSE	1	FALSE
GSM1045253	cancer	2004-12-09	2.742243537	3.2578604355	0.636675727527	2.312811642	11.5411494614	13.015890118	-1.03084107686721	-0.171947972708033	-1.03084107686721	0	0.505322254900457	-0.359723971840765	0.906614766866934	107.513022477274	-0.120580136560306	-0.212387989843069	4.9296341154794	20.5150056524329	MASS_cov.rob_mve	FALSE	FALSE	FALSE	FALSE	0	FALSE
GSM1045254	cancer	2004-12-14	2.768347509	3.2945552435	0.6753774764142	2.312811642	11.4431784216	12.943015818	-0.492675557787847	0.0716020175989667	-0.492675557787847	0	0.0712050660351033	-0.811355832724747	0.912838769554063	108.054439266186	0.178916629160182	0	4.65922646771171	20.5150056524329	MASS_cov.rob_mve	FALSE	FALSE	FALSE	FALSE	0	FALSE
GSM1045255	cancer	2005-01-25	3.003039674	2.78329766	1.0233320802432	2.312811642	11.2098738548	13.154576128	4.34579235050918	-3.32170581782581	4.34579235050917	0	-0.962585357088195	0.499769989334516	0.902085898238385	106.76747779812	-0.338507662431712	-0.50485164997831	3.33476477030591	20.5150056524329	MASS_cov.rob_mve	TRUE	FALSE	FALSE	FALSE	1	FALSE
GSM1045256	cancer	2004-12-21	2.859048736	3.0239378005	0.809851115564401	2.312811642	11.409005164	13.114741698	1.37724189805336	-1.72453425376554	1.37724189805336	0	-0.0802192584792714	0.252899724396762	0.914177116188607	108.602252070624	0.243317386776726	0.214897030767487	2.44337725954402	20.5150056524329	MASS_cov.rob_mve	FALSE	FALSE	FALSE	FALSE	0	FALSE
GSM1045257	cancer	2004-12-08	2.793958033	3.289971171	0.7133476392966	2.312811642	11.3561655874	13.106205058	0.0353169232933666	0.041176710211027	0.0353169232933662	0	-0.314355473643028	0.199994672699575	0.894900872497998	106.149671864703	-0.6842485110522	-0.747205716196237	5.05161824437975	20.5150056524329	MASS_cov.rob_mve	FALSE	FALSE	FALSE	FALSE	0	FALSE
GSM1045258	cancer	2004-12-22	2.765816777	3.3775056545	0.671625413151	2.312811642	11.4934962886	13.425045178	-0.54484971352287	0.622158701122484	-0.544849713522869	0	0.294167392619863	2.1759773815568	0.921922616648507	109.880874399427	0.616028076864237	0.71647738761018	2.94579240562219	20.5150056524329	MASS_cov.rob_mve	FALSE	FALSE	FALSE	FALSE	0	FALSE
GSM1045259	cancer	2004-12-20	2.911894941	3.1347752195	0.8882008990974	2.312811642	11.0903341418	13.057734588	2.46673147248284	-0.988886520628376	2.46673147248284	0	-1.49227499058862	-0.100396666414783	0.920104429476484	109.361944711558	0.52853756555367	0.512910679791846	1.65144512075167	20.5150056524329	MASS_cov.rob_mve	FALSE	FALSE	FALSE	FALSE	0	FALSE
GSM1045260	cancer	2004-12-09	2.762028868	3.3375300785	0.6660094592676	2.312811642	11.4575388642	13.201793658	-0.622942120809028	0.356833668019248	-0.622942120809027	0	0.13483728822134	0.792396346503577	0.915846208919235	108.595046567812	0.323633527311916	0.212070442657718	3.99578661510854	20.5150056524329	MASS_cov.rob_mve	FALSE	FALSE	FALSE	FALSE	0	FALSE
GSM1045261	cancer	2004-12-08	2.777024566	3.453433142	0.688242081122401	2.312811642	11.6489737748	12.838573768	-0.313787345507878	1.12610298786354	-0.313787345507878	0	0.983100054545098	-1.45862595945034	0.892319451545393	106.271307045383	-0.808465556759304	-0.699490440187499	6.60294682285254	20.5150056524329	MASS_cov.rob_mve	FALSE	FALSE	FALSE	FALSE	0	FALSE
GSM1045262	cancer	2004-12-22	2.756760022	3.3563552175	0.658197868188	2.312811642	11.5598536238	13.003222948	-0.731565867514669	0.481779475638084	-0.731565867514668	0	0.588201832556679	-0.438227608366042	0.899867090283621	106.847904377283	-0.445275901394854	-0.473301761189761	5.20761610309481	20.5150056524329	MASS_cov.rob_mve	FALSE	FALSE	FALSE	FALSE	0	FALSE
GSM1045263	cancer	2004-11-26	2.810326494	3.2999055665	0.7376155195752	2.312811642	11.3148861298	13.082181168	0.37277289783223	0.107113066322518	0.37277289783223	0	-0.497267915194956	0.0511087946002662	0.921536030416179	109.183326667814	0.597425686718488	0.442842059760966	3.4211958182995	20.5150056524329	MASS_cov.rob_mve	FALSE	FALSE	FALSE	FALSE	0	FALSE
GSM1045264	cancer	2004-12-07	2.788170734	3.268036119	0.7047673897992	2.312811642	11.4271089488	12.917309898	-0.0839953702687974	-0.10441014507334	-0.0839953702687975	0	0	-0.970665939104293	0.886183749287885	105.709166583186	-1.10371333763631	-0.920007951318463	6.46211851516997	20.5150056524329	MASS_cov.rob_mve	FALSE	FALSE	FALSE	FALSE	0	FALSE
GSM1045265	cancer	2004-12-21	2.750498589	3.400218595	0.648914667622201	2.312811642	11.4883322776	13.021126808	-0.860653017187733	0.77290854122571	-0.860653017187732	0	0.27128526395038	-0.327270060797055	0.924249254274196	109.956789340126	0.727985040722608	0.746257442430087	4.45571891336175	20.5150056524329	MASS_cov.rob_mve	FALSE	FALSE	FALSE	FALSE	0	FALSE
GSM1045266	cancer	2004-12-22	2.805668183	3.302293158	0.7307091076866	2.312811642	11.384595904	12.847580298	0.276736081774195	0.122959937266283	0.276736081774195	0	-0.188378561015115	-1.40280880712082	0.856624905189631	103.076786063552	-2.52607426048249	-1.95264310138629	39.7662605889398	20.5150056524329	MASS_cov.rob_mve	FALSE	FALSE	TRUE	FALSE	1	FALSE
GSM1045267	cancer	2004-12-07	2.810146807	3.2963337825	0.737349115629001	2.312811642	11.286385087	13.179435918	0.36906842911664	0.0834064983911986	0.369068429116638	0	-0.623558221037638	0.653836281825624	0.916209107655097	109.397058378025	0.341096083666438	0.526685134499671	4.25989644157305	20.5150056524329	MASS_cov.rob_mve	FALSE	FALSE	FALSE	FALSE	0	FALSE
GSM1045268	cancer	2004-12-20	2.743824757	3.3551489405	0.639020044299	2.312811642	11.7154803052	13.036617628	-0.998242279945467	0.473773199882187	-0.998242279945466	0	1.27779558985202	-0.231267109643919	0.92557735941819	109.688459581204	0.791892981505721	0.64099654310114	3.3383515848005	20.5150056524329	MASS_cov.rob_mve	FALSE	FALSE	FALSE	FALSE	0	FALSE
GSM1045269	cancer	2004-12-21	2.800918153	3.385390339	0.7236667132086	2.312811642	11.3182643168	13.524308658	0.178808365616958	0.674490759476595	0.178808365616958	0	-0.482298909589897	2.79115379066428	0.917631357679601	109.537015884199	0.409534242163003	0.581587926597114	7.35552798861966	20.5150056524329	MASS_cov.rob_mve	FALSE	FALSE	FALSE	FALSE	0	FALSE
GSM1045270	cancer	2004-12-10	2.764035355	3.3773448925	0.6689842768938	2.312811642	11.7983103712	13.023844978	-0.581575921140984	0.621091695034272	-0.581575921140983	0	1.64482196294001	-0.310424448896853	0.887759919333946	105.740551270803	-1.02786860318638	-0.907696307403387	11.3106134990229	20.5150056524329	MASS_cov.rob_mve	FALSE	FALSE	FALSE	FALSE	0	FALSE
GSM1045271	cancer	2004-12-09	2.764035355	3.452702131	0.6689842768938	2.312811642	11.6048161974	13.073934368	-0.581575921140984	1.1212511373793	-0.581575921140983	0	0.78743444349182	0	0.922347613287321	109.580633462294	0.636478761924219	0.598698311651923	6.09700939627094	20.5150056524329	MASS_cov.rob_mve	FALSE	FALSE	FALSE	FALSE	0	FALSE
GSM1045272	cancer	2004-12-10	2.739894223	3.391649156	0.6331926345906	2.312811642	11.6361266516	13.338502978	-1.07927507719062	0.716031645034113	-1.07927507719062	0	0.926173466647535	1.63963995078911	0.916856194713358	108.534118146471	0.372233679652603	0.188169327660885	4.80619248517465	20.5150056524329	MASS_cov.rob_mve	FALSE	FALSE	FALSE	FALSE	0	FALSE
GSM1045273	cancer	2004-12-14	2.746084561	3.2844334475	0.6423704297094	2.312811642	11.78491199	13.073193318	-0.951653638466785	0.00442185092008739	-0.951653638466783	0	1.5854527085791	-0.00459259012447721	0.912286507346523	108.001593657121	0.152341970808886	-0.0207303742906913	3.79658701811315	20.5150056524329	MASS_cov.rob_mve	FALSE	FALSE	FALSE	FALSE	0	FALSE
GSM1045274	cancer	2004-12-08	2.848055049	3.283767223	0.7935518752182	2.312811642	10.8859280926	12.982562168	1.15059350634688	0	1.15059350634688	0	-2.39801386655589	-0.566270917443656	0.886003225045906	105.003650339684	-1.11240009908621	-1.19676918190415	9.49703893490553	20.5150056524329	MASS_cov.rob_mve	FALSE	FALSE	FALSE	FALSE	0	FALSE
GSM1045275	cancer	2004-12-03	2.790173876	3.4104079745	0.7077372481284	2.312811642	11.5682996588	12.957815848	-0.0426981318937468	0.840537271656984	-0.042698131893747	0	0.625626861205394	-0.719633989907199	0.909966659350193	108.082117402292	0.0407117214677635	0.0108576309611947	4.12458143794047	20.5150056524329	MASS_cov.rob_mve	FALSE	FALSE	FALSE	FALSE	0	FALSE
GSM1045276	cancer	2004-12-03	2.921789479	2.923646392	0.9028705411362	2.312811642	11.3123801604	13.263820598	2.67071955440465	-2.3901862328698	2.67071955440465	0	-0.508372057740836	1.17680267818896	0.908238639414885	107.662106148658	-0.0424399749148962	-0.153905168600471	1.8519102649567	20.5150056524329	MASS_cov.rob_mve	FALSE	FALSE	FALSE	FALSE	0	FALSE
GSM1045277	cancer	2004-12-20	2.757206236	3.310340526	0.6588594250644	2.312811642	11.609292511	13.113829128	-0.722366616575749	0.176371755047073	-0.722366616575749	0	0.807269332255677	0.247244154637789	0.924836196453962	109.773842615765	0.756228486836211	0.674490759476595	2.23259473077676	20.5150056524329	MASS_cov.rob_mve	FALSE	FALSE	FALSE	FALSE	0	FALSE
GSM1045278	cancer	2004-12-03	2.852512687	3.073986233	0.800160769317	2.312811642	11.2748906936	13.073532088	1.24249320146369	-1.39235387418007	1.24249320146369	0	-0.674490759476595	-0.00249309379295788	0.922217885296437	110.30493167309	0.630236297766311	0.882827367470548	7.56248616559246	20.5150056524329	MASS_cov.rob_mve	FALSE	FALSE	FALSE	FALSE	0	FALSE
GSM1045279	cancer	2004-12-15	2.799444549	3.356544382	0.7214819479182	2.312811642	11.2718693194	13.063450688	0.14842820502004	0.483034994188323	0.148428205020039	0	-0.687878700207818	-0.0649716554026908	0.919550106990418	109.891842930387	0.501863767342389	0.720780143435058	8.38161661629071	20.5150056524329	MASS_cov.rob_mve	FALSE	FALSE	FALSE	FALSE	0	FALSE
GSM1045280	cancer	2005-01-25	2.819898437	3.227804034	0.751806882267	2.312811642	11.2703263668	12.912769558	0.570110286686045	-0.371437674193555	0.570110286686044	0	-0.694715641477662	-0.998804284216988	0.9151550637407	109.509429960796	0.290375870459904	0.570766469007582	9.27253122341986	20.5150056524329	MASS_cov.rob_mve	FALSE	FALSE	FALSE	FALSE	0	FALSE
GSM1045281	cancer	2004-12-14	2.793903645	3.4010033995	0.7132670036478	2.312811642	11.5035438032	13.182768678	0.0341956477169234	0.778117428770999	0.0341956477169239	0	0.338688700162802	0.674490759476595	0.914050454993147	108.200108313139	0.237222495709127	0.05714332598911	6.32540386802858	20.5150056524329	MASS_cov.rob_mve	FALSE	FALSE	FALSE	FALSE	0	FALSE
GSM1045282	cancer	2004-12-09	2.920392272	3.1220141905	0.900799042038	2.312811642	11.1910534998	13.073479778	2.6419144120142	-1.0735837478017	2.6419144120142	0	-1.04597979306364	-0.00281728027081451	0.875316124928023	104.261544492149	-1.62665950434892	-1.48788385074466	10.1511301532787	20.5150056524329	MASS_cov.rob_mve	FALSE	FALSE	FALSE	FALSE	0	FALSE
GSM1045283	cancer	2004-12-20	2.772022643	3.4281190095	0.680826230082601	2.312811642	11.246371692	12.947207008	-0.41690814596269	0.958088572172766	-0.41690814596269	0	-0.80086064213902	-0.785381313051588	0.922720464979002	110.259333303578	0.654420250924984	0.864939953856818	3.55041800843594	20.5150056524329	MASS_cov.rob_mve	FALSE	FALSE	FALSE	FALSE	0	FALSE
GSM1045284	cancer	2004-12-09	2.762547181	3.293605952	0.6667779101214	2.312811642	11.4807075706	13.035192448	-0.612256460224858	0.065301400475601	-0.612256460224858	0	0.237499602641465	-0.240099533358378	0.909095160267117	107.891923972235	-0.00122450025805155	-0.0637518032462718	2.58285759945718	20.5150056524329	MASS_cov.rob_mve	FALSE	FALSE	FALSE	FALSE	0	FALSE
GSM1045285	cancer	2004-12-07	2.999212309	2.854547535	1.0176576288942	2.312811642	11.343804253	13.301210018	4.26688650920919	-2.84880768014853	4.26688650920919	0	-0.369129494122004	1.40852021553715	0.904121607293407	107.796750746973	-0.240550076521966	-0.101086533927555	5.2723525240754	20.5150056524329	MASS_cov.rob_mve	TRUE	FALSE	FALSE	FALSE	1	FALSE
GSM1045286	cancer	2004-12-20	2.777660307	3.3524833595	0.689184630729001	2.312811642	11.332369997	13.040549608	-0.300680762139453	0.456081263008926	-0.300680762139453	0	-0.419795559130814	-0.206899020422355	0.918339310805719	109.664275039064	0.443600691393866	0.631509385710475	2.74934115377102	20.5150056524329	MASS_cov.rob_mve	FALSE	FALSE	FALSE	FALSE	0	FALSE
GSM1045287	cancer	2004-12-10	2.786072082	3.3669511705	0.701655928344	2.312811642	11.4910294876	13.133402798	-0.127261664875109	0.552106706957657	-0.127261664875109	0	0.283236808257456	0.36855019814598	0.895373070200219	106.848910835576	-0.661526527835784	-0.472906945849618	9.09482199122525	20.5150056524329	MASS_cov.rob_mve	FALSE	FALSE	FALSE	FALSE	0	FALSE
GSM1045288	cancer	2004-12-10	3.249463989	2.5564542455	1.3886807696622	2.312811642	10.6396760372	13.272538418	9.42613297437098	-4.82730604886348	9.42613297437097	0	-3.48917560435921	1.230830576494	0.848116666514535	101.360832288987	-2.93548763853875	-2.62578065512941	17.6404735561149	20.5150056524329	MASS_cov.rob_mve	TRUE	FALSE	FALSE	FALSE	1	FALSE
GSM1045289	cancer	2004-12-07	2.781550902	3.419949406	0.694952826876001	2.312811642	11.4580373202	12.960266798	-0.220471356547744	0.903865455560824	-0.220471356547744	0	0.137045984974339	-0.704444449706694	0.922144389816731	109.999347006246	0.626699721775958	0.762952043234163	6.93586887871581	20.5150056524329	MASS_cov.rob_mve	FALSE	FALSE	FALSE	FALSE	0	FALSE
GSM1045290	cancer	2004-12-15	2.809138557	3.380189421	0.735854284179	2.312811642	11.4771790716	13.012806938	0.348282114121666	0.639971338405153	0.348282114121666	0	0.221864553039889	-0.378831700091189	0.909120607262773	108.495908356646	0	0.173180319895643	6.82457672743383	20.5150056524329	MASS_cov.rob_mve	FALSE	FALSE	FALSE	FALSE	0	FALSE
GSM1045291	cancer	2004-12-15	2.773536929	3.291455461	0.6830713105062	2.312811642	11.4488263018	13.059794898	-0.385689275852633	0.0510282078701152	-0.385689275852632	0	0.0962312562283694	-0.087628082163579	0.911982194863997	108.03168258833	0.137698563846158	-0.00892703212060492	2.44010625573479	20.5150056524329	MASS_cov.rob_mve	FALSE	FALSE	FALSE	FALSE	0	FALSE
GSM1045292	cancer	2005-01-26	2.772082361	3.342969962	0.6809147679894	2.312811642	11.3454587146	12.991747778	-0.415676985874554	0.392939145766838	-0.415676985874554	0	-0.361798447923637	-0.509343933065691	0.927406077035961	110.153467412341	0.879890214069765	0.823410684182977	1.22243291733393	20.5150056524329	MASS_cov.rob_mve	FALSE	FALSE	FALSE	FALSE	0	FALSE
GSM1045293	cancer	2004-12-22	2.899508173	3.1090618165	0.8698362768606	2.312811642	11.0240379558	12.941259588	2.21136300095539	-1.15955096589295	2.21136300095539	0	-1.78603847373204	-0.822239908771323	0.88665782701272	105.597829814405	-1.08090088840938	-0.963683347060474	5.91314473707534	20.5150056524329	MASS_cov.rob_mve	FALSE	FALSE	FALSE	FALSE	0	FALSE
GSM1045294	cancer	2004-12-20	2.82124956	3.376831218	0.7538100572268	2.312811642	11.4123460542	13.208975818	0.597965350683015	0.617682345692647	0.597965350683015	0	-0.0654155178545799	0.836907131320268	0.884481100377845	105.441630358194	-1.18564418942864	-1.02495756167395	12.5548344431982	20.5150056524329	MASS_cov.rob_mve	FALSE	FALSE	FALSE	FALSE	0	FALSE
GSM1045295	cancer	2005-01-25	2.809740713	3.189732474	0.7367470406646	2.312811642	11.2395977978	12.982256808	0.360696301368989	-0.62412541325933	0.360696301368989	0	-0.830876286698663	-0.56816335833213	0.923568183851728	110.464028661484	0.695212177500878	0.945238231424677	6.93040712388779	20.5150056524329	MASS_cov.rob_mve	FALSE	FALSE	FALSE	FALSE	0	FALSE
GSM1045296	cancer	2004-12-07	2.78502361	3.392711469	0.7001014637568	2.312811642	11.5152862634	12.890623968	-0.148877205916914	0.723082406026052	-0.148877205916914	0	0.390720441612028	-1.13604956852263	0.897761070855954	106.676280298302	-0.546616797091286	-0.540626775651611	5.94735448605592	20.5150056524329	MASS_cov.rob_mve	FALSE	FALSE	FALSE	FALSE	0	FALSE
GSM1045297	cancer	2004-12-15	2.766250991	3.379431152	0.672269178827401	2.312811642	11.4805220302	13.033759528	-0.53589785735701	0.634938571709659	-0.535897857357009	0	0.236677458903568	-0.248979925020425	0.902165756487611	107.079081557946	-0.334664912265708	-0.382615144697397	3.03841217924827	20.5150056524329	MASS_cov.rob_mve	FALSE	FALSE	FALSE	FALSE	0	FALSE
GSM1045298	cancer	2004-12-21	2.756892219	3.4195514035	0.6583938634602	2.312811642	11.5752964292	12.766068968	-0.728840463613462	0.901223841929344	-0.728840463613461	0	0.656630087295346	-1.90796787761657	0.895459235611433	107.091581763881	-0.657380279308473	-0.377711540550636	10.8042863474085	20.5150056524329	MASS_cov.rob_mve	FALSE	FALSE	FALSE	FALSE	0	FALSE
GSM1045299	cancer	2004-12-14	2.824475413	3.2284564125	0.7585927068846	2.312811642	11.2411182602	13.141384388	0.6644702815885	-0.367107721646823	0.664470281588499	0	-0.824139001229309	0.418015377839137	0.925939591946268	109.630085583553	0.809323480181846	0.618097482203966	2.94471535096075	20.5150056524329	MASS_cov.rob_mve	FALSE	FALSE	FALSE	FALSE	0	FALSE
GSM1045300	cancer	2004-12-14	2.837117428	3.1963227705	0.7773357583236	2.312811642	11.1969106624	13.246520448	0.925100984252601	-0.580384439094935	0.9251009842526	0	-1.02002625651007	1.06958656855809	0.909572892803663	107.741083498256	0.0217638171909291	-0.122923786294226	7.51843998274421	20.5150056524329	MASS_cov.rob_mve	FALSE	FALSE	FALSE	FALSE	0	FALSE
GSM1045301	cancer	2004-12-15	3.115824251	2.8148703345	1.1905464941034	2.312811642	10.7606156632	13.241262018	6.67098525315829	-3.11215234180159	6.67098525315828	0	-2.95328284902325	1.0369979258373	0.888156966268007	106.149538732283	-1.00876284784402	-0.747257941630726	12.0170458792883	20.5150056524329	MASS_cov.rob_mve	TRUE	FALSE	FALSE	FALSE	1	FALSE
GSM1045302	cancer	2004-11-26	3.221878439	2.6279190805	1.3477824332322	2.312811642	10.6399074504	13.433249558	8.857422900868	-4.35298118329826	8.85742290086799	0	-3.48815019472736	2.2268232820567	0.808529391868586	96.4489641495434	-4.84041302436278	-4.55261746897726	28.6729770125651	20.5150056524329	MASS_cov.rob_mve	TRUE	TRUE	TRUE	FALSE	3	TRUE
GSM1045303	cancer	2004-12-14	2.855082655	3.3463004665	0.8039710038738	2.312811642	11.3215443098	13.152595228	1.2954762556417	0.415044298590983	1.2954762556417	0	-0.46776500912738	0.487493541351827	0.923546288523337	110.122778355206	0.694158582191385	0.811371923493087	1.67721038184749	20.5150056524329	MASS_cov.rob_mve	FALSE	FALSE	FALSE	FALSE	0	FALSE
GSM1045304	cancer	2004-12-10	2.759528477	3.413492183	0.662302379571	2.312811642	11.386987254	13.108169538	-0.674490759476595	0.861007713968059	-0.674490759476595	0	-0.177782305818563	0.212169359222386	0.92996817355212	110.32758701403	1.00317737486099	0.891714646956588	1.15808648681564	20.5150056524329	MASS_cov.rob_mve	FALSE	FALSE	FALSE	FALSE	0	FALSE
GSM1045305	cancer	2004-12-15	2.852371904	3.1058896425	0.7999520444412	2.312811642	11.2912385442	13.156403528	1.23959078660236	-1.18060525092837	1.23959078660236	0	-0.602052180066297	0.511095134997381	0.895857565584348	106.458988688369	-0.638212784598963	-0.625866334506618	7.86813864557149	20.5150056524329	MASS_cov.rob_mve	FALSE	FALSE	FALSE	FALSE	0	FALSE
GSM1045306	cancer	2004-12-08	2.869315254	3.088905224	0.8250722551512	2.312811642	11.5207462916	13.734091088	1.58889880561546	-1.29333386804077	1.58889880561545	0	0.414914245190623	4.09126136276672	0.901210649016169	107.462349387046	-0.380624339501131	-0.232266124384038	3.15354567394192	20.5150056524329	MASS_cov.rob_mve	TRUE	FALSE	FALSE	FALSE	1	FALSE
GSM1045307	cancer	2004-12-09	2.782811657	3.419262522	0.696822022239	2.312811642	11.4026204302	12.970912458	-0.194479340121787	0.899306483851745	-0.194479340121787	0	-0.108510503469336	-0.638468937953742	0.930446337505828	111.13816586726	1.02618645194831	1.20969003444498	3.87673809746283	20.5150056524329	MASS_cov.rob_mve	FALSE	FALSE	FALSE	FALSE	0	FALSE
GSM1045308	cancer	2004-12-03	2.766579095	3.441387855	0.6727556258178	2.312811642	11.452550868	13.246453188	-0.529133589471957	1.04615626809613	-0.529133589471957	0	0.112735094625798	1.06916973081196	0.919455469365245	109.348761118945	0.497309838933365	0.507738995442012	6.96169513049194	20.5150056524329	MASS_cov.rob_mve	FALSE	FALSE	FALSE	FALSE	0	FALSE
GSM1045309	cancer	2004-12-22	2.881315798	3.061806526	0.8428642616856	2.312811642	11.2527315752	13.198522918	1.836304793907	-1.47319276347995	1.836304793907	0	-0.77267951206292	0.772126232174279	0.922273466492862	109.393750437811	0.632910844902763	0.525387489529988	1.48543566505334	20.5150056524329	MASS_cov.rob_mve	FALSE	FALSE	FALSE	FALSE	0	FALSE
GSM1045310	cancer	2004-12-20	2.726207415	3.38152661	0.612900573049801	2.312811642	11.6108486658	13.083111298	-1.36144547378235	0.648846500471368	-1.36144547378235	0	0.814164773486029	0.0568731908656741	0.916162090126324	108.602379814213	0.33883361713042	0.214947142261698	4.752291711959	20.5150056524329	MASS_cov.rob_mve	FALSE	FALSE	FALSE	FALSE	0	FALSE
GSM1045311	cancer	2004-12-09	2.755204572	3.3369296705	0.655891758018	2.312811642	11.4009164504	12.865213708	-0.763633384161257	0.352848652957162	-0.763633384161255	0	-0.116060968608472	-1.29352734888341	0.932021642659043	110.739215913742	1.10198956806622	1.05318920105534	2.02742102089485	20.5150056524329	MASS_cov.rob_mve	FALSE	FALSE	FALSE	FALSE	0	FALSE
